listing_id,listed_date,district,rooms,area_m2,floor,total_floors,year_built,building_type,ceiling_height_m,price_kzt
ALM-11151,2026-08-28,Alatau,4,90.8,10,12,1981,panel,,"41,560,000"
ALM-10299,2026-06-22,Nauryzbay,2,52.1,19,20,2022,monolith,2.86,27700000
ALM-10358,2026-04-10,Bostandyk,3,69.8,11,20,2020,monolith,2.79,78490000
ALM-11138,2026-08-29,Medeu,3,82.8,1,4,1993,brick,2.96,95690000
ALM-10679,2026-06-08,Auezovskiy,3,56.2,9,9,1984,panel,2.53,30040000
ALM-10744,2026-08-04, Medeu ,3,64.3,9,9,1969,panel,2.51,59000000
ALM-10111,2026-07-09,turksib,4,116.1,3,4,1979,brick,,63730000
ALM-10812,2026-06-06,Nauryzbay,2,56.9,5,5,1968,brick,3.04,25720000
ALM-10003,2026-05-29,Auezov,2,48.6,2,5,1978,panel,2.55,26120000
ALM-10267,2026-07-16,Bostandyk,1,36.6,8,12,1975,panel,2.69,29170000
ALM-10033,2026-04-29,Turksib,2,53.5,8,9,2008,monolith,2.88,29050000
ALM-10034,2026-03-23,Turksib,2,67.6,5,9,1961,brick,,43390000
ALM-10938,2026-08-10,Medeu,5,133.0,1,9,2013,monolith,2.93,177470000
ALM-10903,2026-04-17,Bostandyk,2,59.0,2,4,1981,brick,2.75,70470000
ALM-11010,2026-01-31,Bostandyk,2,48.2,7,9,1982,panel,2.63,38740000
ALM-10706,2026-06-05,Nauryzbay,2,56.3,12,25,,monolith,2.98,29 060 000 ₸
ALM-10615,2026-05-31,Alatau,2,67.2,2,12,,panel,2.58,27670000
ALM-10392,2026-04-11,Alatau,4,110.2,6,9,2010,monolith,0,60140000
ALM-10510,2026-04-26,Turksib,2,57.0,12,12,1984,panel,,25760000
ALM-11181,2026-07-01,Auezov,1,35.4,9,25,2010,monolith,2.84,23580000
ALM-10099,2026-05-05,Turksib,studio,29.9,6,9,1987,panel,2.65,16260000
ALM-10680,2026-06-13,Almaly,2,46.7,5,5,1974,panel,,35990000
ALM-10313,2026-04-10,Auezov,3,84.0,3,5,1991,panel,2.63,49870000
ALM-10504,2026-04-06,Medeu,2,53.7,7,25,2020,monolith,2.73,63550000
ALM-10632,2026-01-26, Zhetysu ,3,76.8,2,3,1953,brick,2.92,"52,760,000"
ALM-10506,2026-07-18,Zhetysu,1,41.6,2,16,2008,monolith,2.81,"31,620,000"
ALM-10487,2026-05-15,Zhetysu,2,61.8,8,9,1980,panel,2.65,37030000
ALM-10315,2026-07-22,Turksib,2,60.9,6,9,2019,monolith,2.88,38480000
ALM-10150,2026-04-25,Auezov,1,46.1,2,25,2008,monolith,2.9,29650000
ALM-10210,2026-04-24,medeu,2,61.6,5,9,2010,monolith,2.93,"70,860,000"
ALM-10643,2026-07-14,Zhetysu,1,42.0,5,5,1980,panel,2.67,23250000
ALM-10837,2026-06-04,Bostandyk,3,88.9,8,16,2014,monolith,2.77,91960000
ALM-10423,2026-08-09,Medeu,1,43.7,8,16,2007,monolith,2.74,54950000
ALM-11033,2026-05-01,Turksib,2,46.2,9,16,2016,monolith,2.83,29430000
ALM-10514,2026-07-02,Auezovskiy,2,69.2,7,9,1972,panel,2.63,43940000
ALM-10813,2026-08-28,Turksib,4,118.9,1,9,2009,monolith,2.83,58410000
ALM-10389,2026-01-11,Turksib,2,64.8,1,9,1980,panel,2.6,26670000
ALM-10350,2026-02-03,Auezov,2,54.0,12,12,1965,panel,,32 620 000 ₸
ALM-11077,2026-03-26,Zhetysu,1,36.4,12,12,2012,monolith,2.82,22940000
ALM-10848,2026-03-06,Turksib,2,37.5,9,16,2017,monolith,2.84,19 960 000 ₸
ALM-10641,2026-06-15,medeu,1,45.0,9,12,1986,panel,2.55,39400000
ALM-10363,2026-05-15,Bostandyk,2,61.6,9,9,,panel,,49780000
ALM-10057,2026-05-21,Turksib,1,27.3,10,12,1977,panel,2.52,12870000
ALM-11083,2026-01-24,Zhetysu,2,69.7,1,3,1973,brick,2.89,49580000
ALM-10877,2026-08-18,Almaly,1,40.8,20,20,2016,monolith,2.92,41570000
ALM-10816,2026-04-06,Medeu,5,141.2,3,9,1988,panel,2.59,133880000
ALM-10793,2026-04-23,Auezov,1,41.7,7,9,1965,brick,3.04,28850000
ALM-10357,2026-01-19,Auezov,1,39.8,6,9,1986,brick,2.96,26130000
ALM-10377,2026-07-15,Medeu,2,"59,4",4,5,1974,panel,2.62,55890000
ALM-10733,2026-08-20,AUEZOV,2,57.0,4,5,1992,panel,2.61,28560000
ALM-10939,2026-01-13,Turksib,3,79.7,-1,5,1966,panel,2.67,41100000
ALM-10543,2026-03-23,Alatau,2,58.4,6,9,2023,monolith,2.97,37480000
ALM-10264,2026-05-27,Bostandyk,1,495.0,3,5,1972,panel,2.57,42680000
ALM-10035,2026-08-29,Turksib,2,45.9,2,16,2010,monolith,2.7,22780000
ALM-10056,2026-02-08,Bostandyk,4,107.2,9,9,2006,monolith,2.81,101060000
ALM-11127,2026-03-18,Alatau,2,56.4,17,25,2011,monolith,2.79,31660000
ALM-10095,2026-04-23,Alatau,4,120.1,2,3,1955,brick,2.97,58750000
ALM-11178,2026-03-04,Bostandyk,3,79.2,3,9,2007,monolith,2.9,86550000
ALM-10611,2026-08-24,Zhetysu,1,36.3,5,25,2006,monolith,2.78,24120000
ALM-10325,2026-05-14,Zhetysu,2,54.6 m²,5,5,1965,panel,2.56,29330000
ALM-10482,2026-06-11,Nauryzbay,2,62.3,2,9,1988,panel,2.69,27160000
ALM-11066,2026-04-18,Alatau,3,65.6,9,12,1969,panel,2.65,29120000
ALM-11017,2026-04-30,turksib,1,30.3,1,12,1981,panel,,13430000
ALM-10989,2026-04-21,AUEZOV,3,75.8,6,16,2006,monolith,2.93,61840000
ALM-10599,2026-08-22,Almaly,2,55.1,3,12,1986,panel,2.68,43980000
ALM-10888,2026-03-20,Turksib,1,42.2,7,16,2020,monolith,2.78,25710000
ALM-10379,2026-03-18,Nauryzbay,2,55.1,4,5,1971,panel,2.69,24520000
ALM-10995,2026-05-15,Turksib,1,45.7,2,20,2010,monolith,2.93,26700000
ALM-10410,2026-03-15,Almaly,3,76.4,7,9,1972,panel,2.58,55640000
ALM-10786,2026-07-06,Medeu,3,76.7,2,4,1972,brick,2.76,86620000
ALM-10060,2026-06-27,Turksib,3,74.1,4,9,2023,monolith,2.88,41140000
ALM-10876,2026-03-20,Turksib,1,"40,8",5,5,1966,panel,0,17250000
ALM-10738,2026-06-14,Bostandykskiy,2,50.1,1,5,1958,brick,2.71,"44,710,000"
ALM-11106,2026-03-07,Alatau,3,82.8,8,9,2022,monolith,2.91,40640000
ALM-10626,2026-05-13,Zhetysu,4,110.3,2,5,1981,brick,2.78,64860000
ALM-10674,2026-08-16,Alatau,2,54.1,9,12,2014,monolith,2.85,29630000
ALM-10002,2026-06-18,Bostandyk,1,33.6,8,9,2020,monolith,2.71,36360000
ALM-10582,2026-04-13,Zhetysu,2,63.9,21,25,2023,monolith,2.85,47310000
ALM-10113,2026-01-24,nauryzbay,3,81.4,11,12,1967,panel,2.58,33 820 000 ₸
ALM-10924,2026-04-03,Alatau,2,56.2,5,5,1969,panel,2.67,25860000
ALM-10754,2026-05-29,Medeu,3,87.7,13,16,2010,monolith,2.84,97750000
ALM-10195,2026-03-04,Auezov,2,64.0,3,9,1987,brick,3.19,39 780 000 ₸
ALM-10360,2026-04-18,Auezov,1,36.9,3,4,1993,brick,,27700000
ALM-10630,2026-03-27,Alatau,4,116.2,8,12,1974,panel,,46 720 000 ₸
ALM-10803,2026-02-21,Medeu,3,85.9,9,9,2019,monolith,2.99,103 440 000 ₸
ALM-10725,2026-02-26,Alatau,2,58.3,5,12,1992,panel,2.66,28320000
ALM-10688,2026-04-01,Nauryzbay,1,29.6,6,12,2016,monolith,2.77,17540000
ALM-11107,2026-06-18,Almaly,1,40.0,13,25,2009,monolith,2.83,43920000
ALM-10437,2026-07-28,Zhetysu,1,41.5,3,16,2007,monolith,2.88,33660000
ALM-10819,2026-05-29,Auezov,2,57.2,4,12,1968,panel,2.52,40420000
ALM-10303,2026-06-24,Bostandyk,2,44.0,1,9,2018,monolith,2.99,"49,760,000"
ALM-10902,2026-01-22,alatau,2,50.9,3,9,2023,monolith,2.84,25410000
ALM-10773,2026-03-24,Turksib,1,36.1,3,4,0,brick,2.83,20630000
ALM-10992,2026-07-21,Medeu,3,93.9,3,4,1989,brick,2.72,105540000
ALM-10390,2026-06-17,Auezovskiy,2,53.5,2,20,2021,monolith,2.71,"41,950,000"
ALM-10977,2026-03-21,Alatau,3,83.1,2,5,1970,panel,2.55,35720000
ALM-11023,2026-04-19,Nauryzbay,3,80.7,8,9,,panel,2.68,35090000
ALM-11118,2026-07-04, Turksib ,1,39.8,6,9,1966,panel,2.57,22590000
ALM-10177,2026-01-22,Turksib,2,52.3,9,16,2006,monolith,2.97,32190000
ALM-10713,2026-07-14,Bostandyk,5,156.6,9,9,2012,monolith,2.9,162880000
ALM-10862,2026-01-24,Zhetysu,3,81.9,3,9,1971,panel,2.63,54990000
ALM-11004,2026-03-09,Zhetysu,2,55.9,1,4,1991,brick,3.04,37460000
ALM-10601,2026-08-25,Nauryzbay,2,68.8,5,5,1989,panel,2.68,29540000
ALM-10187,2026-08-26,Auezov,3,86.7,8,9,1991,panel,2.67,50720000
ALM-10530,2026-04-25,ALMALY,2,57.8,3,9,1966,panel,2.65,47940000
ALM-10278,2026-06-21,Almaly,5,125.7,3,9,1977,panel,2.56,86760000
ALM-10387,2026-05-06,ALATAU,2,75.0,1,3,1985,brick,,"32,730,000"
ALM-10917,2026-02-16,Alatauskiy,2,66.7,12,12,1978,panel,2.51,29930000
ALM-10810,2026-05-07,Medeu,1,41.1,3,5,1974,panel,2.64,44060000
ALM-11108,2026-04-12,Turksib,5,114.5,20,25,2009,monolith,2.82,65980000
ALM-10808,2026-07-18,bostandyk,2,50.2,1,9,1992,panel,2.52,46370000
ALM-10478,2026-01-27,Alatau,3,68.1,4,9,,panel,2.64,31650000
ALM-11031,2026-03-11,Turksib,3,70.6,2,5,2001,brick,3.1,39150000
ALM-10731,2026-08-13,Zhetysu,2,54.2,5,5,,panel,,24690000
ALM-10912,2026-01-07,Наурызбайский,4,99.4,3,4,1972,brick,3.03,53550000
ALM-10351,2026-05-24,Zhetysu,2,53.8,-1,20,2014,monolith,2.83,33960000
ALM-10050,2026-04-21,Bostandyk,4,85.3,12,12,2016,monolith,2.95,92980000
ALM-11148,2026-07-20,Bostandyk,2,49.5,-1,12,1974,panel,2.62,37400000
ALM-10655,2026-04-09,Medeu,3,83.0,2,9,2000,brick,2.9,98420000
ALM-10868,2026-08-27,Zhetysu,3,94.0,1,9,,panel,2.53,48000000
ALM-10205,2026-08-04,Zhetysu,3,75.1,5,5,1972,panel,2.61,42700000
ALM-10795,2026-02-08,almaly,2,59.8,4,9,1974,panel,2.65,44280000
ALM-10092,2026-03-31,Almaly,3,85.5,1,5,1992,panel,2.59,64660000
ALM-10004,2026-06-09,Bostandyk,studio,26.7,9,20,2024,monolith,2.84,30970000
ALM-10149,2026-07-14,Zhetysu,3,87.4,3,5,2004,brick,2.93,63140000
ALM-10168,2026-06-08,Alatau,1,42.8,3,12,2022,monolith,2.89,27400000
ALM-10517,2026-08-31,Alatau,2,53.2,5,25,2023,monolith,2.88,30120000
ALM-10164,2026-02-01,Almaly,2,51.9,1,5,2001,brick,2.78,45480000
ALM-10347,2026-07-04,Auezov,2,42.6,1,5,1978,panel,2.65,24260000
ALM-10686,2026-02-11,Nauryzbay,2,56.0,2,4,1964,brick,2.88,25730000
ALM-11041,2026-02-01,Nauryzbay,3,95.4,3,12,1968,panel,,43050000
ALM-11073,2026-02-27,Alatauskiy,2,48.4,1,4,1995,brick,3.0,22300000
ALM-10257,2026-06-05,Ауэзовский,3,42.0,3,9,1975,panel,,25270000
ALM-10175,2026-01-13,Turksib,1,47.9,4,5,1968,panel,2.64,22550000
ALM-10881,2026-07-14,Medeu,2,57.5,8,5,1962,panel,,"60,900,000"
ALM-10007,2026-07-14,Medeu,2,52.7,4,5,,panel,2.7,"55,590,000"
ALM-10585,2026-04-24,Turksib,3,84.1,2,3,1981,brick,3.15,51150000
ALM-10089,2026-01-06,Turksib,2,57.5,13,25,2007,monolith,2.91,36020000
ALM-10216,2026-07-10,Almaly,4,87.5,5,5,1986,panel,,70570000
ALM-10298,2026-08-23,Bostandyk,2,51.1,13,20,2007,monolith,3.0,49800000
ALM-10158,2026-06-05,Zhetysu,1,40.1,5,5,1966,brick,2.91,28060000
ALM-10407,2026-01-26,Turksib,1,34.3,4,9,1952,brick,3.09,20110000
ALM-10622,2026-08-28,Alatau,3,75.6,4,25,2017,monolith,2.73,42430000
ALM-10436,2026-06-27,Turksib,3,92.2,4,4,1970,brick,,52030000
ALM-11192,2026-08-03,Turksib,4,94.0,9,9,1978,panel,0,42200000
ALM-10382,2026-04-18,Zhetysu,2,61.1,3,9,1980,panel,2.6,35540000
ALM-10712,2026-03-21,Nauryzbay,3,82.7,8,9,1952,brick,2.99,38830000
ALM-10182,2026-08-30,Nauryzbay,2,54.9,6,25,2019,monolith,2.7,28560000
ALM-10319,2026-05-16,Nauryzbay,2,70.0,9,25,2015,monolith,2.82,34490000
ALM-10775,2026-03-31,Nauryzbay,4,115.2,2,9,2022,monolith,2.88,62270000
ALM-10847,2026-01-11,Bostandyk,2,61.7,5,5,1975,brick,2.88,53910000
ALM-10297,2026-04-01,Auezov,2,58.7,18,20,2018,monolith,2.91,"42,740,000"
ALM-10066,2026-02-22,Medeu,2,"62,2",8,9,2017,monolith,2.81,77940000
ALM-10724,2026-05-27,Auezov,3,89.9,4,9,2021,monolith,2.97,63490000
ALM-10031,2026-01-15,Nauryzbay,2,58.6,5,5,1974,panel,2.67,24590000
ALM-10797,2026-08-12,Turksib,1,38.4,3,5,1963,panel,2.51,18240000
ALM-10110,2026-05-22,Nauryzbay,2,56.5,24,25,2014,monolith,2.84,28670000
ALM-10953,2026-03-28,Auezov,2,45.7,6,20,2005,monolith,2.9,32890000
ALM-11035,2026-03-02,Medeu,3,78.0,5,25,2013,monolith,2.87,98780000
ALM-10467,2026-03-23,Nauryzbay,1,37.8,3,4,1982,brick,3.19,19070000
ALM-11105,2026-07-30,Zhetysu,2,60.0,7,9,1965,panel,,34050000
ALM-10304,2026-07-24,Nauryzbay,2,55.2,3,3,1958,brick,3.2,25420000
ALM-11022,2026-07-23,Zhetysu,3,74.1,4,5,1981,panel,,43220000
ALM-10991,2026-05-29,Medeu,3,71.2,5,5,1987,brick,2.8,71100000
ALM-11034,2026-03-06,Medeu,3,78.5,6,12,1972,panel,2.63,86070000
ALM-10668,2026-04-01,Almaly,2,61.1 m²,9,9,2008,monolith,2.85,62 020 000 ₸
ALM-10215,2026-05-28,Zhetysu,3,91.5,3,9,1962,panel,2.61,56580000
ALM-10426,2026-08-07,Alatau,1,38.7,3,12,1977,panel,2.61,17620000
ALM-11053,2026-08-28,Auezov,2,53.7,1,16,2010,monolith,2.78,38290000
ALM-11037,2026-06-22,Almaly,2,40.8 m²,5,12,1978,panel,,31370000
ALM-10116,2026-03-27,Medeu,studio,29.5,12,25,2024,monolith,2.88,36040000
ALM-10942,2026-06-08,Zhetysu,4,94.6,2,5,1959,brick,,57040000
ALM-11147,2026-06-25,Almaly,2,56.7,4,9,2018,monolith,2.86,57130000
ALM-11038,2026-07-07,Auezov,3,77.0,1,9,1965,panel,2.52,43580000
ALM-10157,2026-07-07,Medeu,4,103.5,1,12,2008,monolith,2.7,108730000
ALM-11109,2026-04-04,Almaly,2,57.5,25,25,2008,monolith,2.74,56470000
ALM-10649,2026-01-17,Almaly,2,44.1,3,4,1976,brick,,44740000
ALM-10904,2026-01-29,Zhetysu,3,77.2,1,12,2016,monolith,2.79,48380000
ALM-10286,2026-01-03,Almaly,4,120.4,7,9,1967,panel,2.51,102500000
ALM-10697,2026-07-02,AUEZOV,1,43.4 m²,1,4,1950,brick,2.85,29060000
ALM-10352,2026-08-18,Bostandyk,3,62.1,6,9,1971,brick,2.89,63340000
ALM-10316,2026-01-04,Medeu,1,38.2 m²,5,9,2000,brick,3.01,46460000
ALM-10820,2026-07-25,Almaly,4,103.1,1,25,0,monolith,2.98,107610000
ALM-10829,2026-04-13,Bostandyk,3,73.2,4,20,2024,monolith,2.92,86570000
ALM-11147,2026-05-26,Almaly,2,56.7,4,9,2018,monolith,2.86,59610000
ALM-10038,2026-01-06,Alatau,3,77.1,1,9,,monolith,2.85,40320000
ALM-10268,2026-04-05,Turksib,2,55.5,3,9,1982,panel,2.66,26880000
ALM-10243,2026-03-31,medeu,2,53.2,3,4,,brick,3.2,"59,790,000"
ALM-10960,2026-05-11,Turksib,1,34.9,5,16,2021,monolith,2.86,20140000
ALM-10969,2026-02-16,Auezov,3,91.0,19,20,2016,monolith,2.76,65540000
ALM-10913,2026-08-31,Turksib,studio,"33,7",1,5,1979,panel,2.53,14840000
ALM-10069,2026-08-11,Zhetysu,2,481.0,3,5,0,brick,2.87,27710000
ALM-10009,2026-01-19,Medeuskiy,1,33.4,2,9,1992,brick,3.19,39400000
ALM-10181,2026-07-27,Almaly,2,61.3 m²,16,25,2013,monolith,2.79,"65,440,000"
ALM-10736,2026-05-06,Turksib,2,56.3,4,12,1971,panel,2.59,28060000
ALM-10869,2026-03-23,AUEZOV,2,63.8,2,5,1977,panel,,38350000
ALM-10776,2026-06-25,Almaly,4,118.0,3,12,1992,panel,2.51,102590000
ALM-10133,2026-08-03,Nauryzbay,2,62.0,5,5,,panel,2.66,28920000
ALM-11169,2026-03-21,Turksib,2,53.8,2,5,1982,panel,,27190000
ALM-10598,2026-01-15,Zhetysu,2,60.9,10,12,1991,panel,2.51,35380000
ALM-10202,2026-05-17,Alatau,studio,30.6,5,12,2006,monolith,2.94,17480000
ALM-10513,2026-07-19, Medeu ,4,116.0,2,9,2014,monolith,2.86,167770000
ALM-10162,2026-02-14,Medeu,4,103.3,6,9,1972,panel,,97980000
ALM-10153,2026-03-08,Medeu,4,123.5,1,4,2005,brick,3.17,132920000
ALM-10925,2026-07-13,Turksib,2,50.5,1,5,1990,panel,2.52,24230000
ALM-10213,2026-01-05,Bostandyk,3,72.4,5,5,1988,brick,3.02,69360000
ALM-10040,2026-04-25,Nauryzbay,2,71.8,5,12,1971,panel,2.6,32 430 000 ₸
ALM-11052,2026-08-03,Zhetysu,2,"60,4",3,5,1988,panel,2.57,30790000
ALM-10019,2026-04-03,Alatau,1,37.7,21,25,2015,monolith,2.84,20320000
ALM-11124,2026-04-01,Nauryzbay,2,49.4,5,12,1964,panel,,18680000
ALM-11012,2026-04-21,Almaly,1,40.7,3,4,1951,brick,3.2,39770000
ALM-10755,2026-06-23,Auezov,1,42.2,7,9,1956,brick,3.08,27030000
ALM-11026,2026-06-03,Medeu,1,39.7,9,20,2012,monolith,2.73,46860000
ALM-11092,2026-03-03,medeu,3,61.9,6,12,2018,monolith,2.79,70060000
ALM-10198,2026-04-28,Alatau,2,60.9,8,9,1981,panel,2.53,25950000
ALM-11196,2026-06-29,Almaly,2,60.9,1,5,1952,brick,2.73,51560000
ALM-10032,2026-04-13,Almaly,1,38.4,1,9,1972,panel,2.56,27230000
ALM-10323,2026-06-05,Medeu,1,34.5,14,20,2007,monolith,2.89,39940000
ALM-10204,2026-01-20,Almaly,1,38.7,8,12,1977,panel,2.67,33930000
ALM-10380,2026-02-11,Alatau,1,35.0,9,9,2010,monolith,2.72,21010000
ALM-10074,2026-08-10,Nauryzbay,studio,32.8,11,9,2018,monolith,2.83,15160000
ALM-10518,2026-01-30,bostandyk,studio,32.4,11,12,1977,panel,2.65,"28,940,000"
ALM-10764,2026-01-13,Medeu,3,76.9,1,5,1958,brick,2.7,86140000
ALM-10761,2026-08-16,Nauryzbay,5,112.2,1,5,1964,panel,2.5,47540000
ALM-10666,2026-01-28,Medeu,1,42.1,5,5,1980,panel,2.54,37940000
ALM-10715,2026-01-11,Almaly,1,33.8,3,5,1996,brick,2.74,28090000
ALM-10660,2026-03-14,Zhetysu,1,45.9,5,9,1972,panel,2.51,28510000
ALM-10726,2026-04-18,Alatau,1,34.0,2,9,2023,monolith,2.79,"17,490,000"
ALM-10870,2026-08-21,Turksib,4,89.5,3,9,1969,panel,2.69,45750000
ALM-10463,2026-03-22,Bostandyk,3,49.7,15,25,2023,monolith,2.8,45490000
ALM-10294,2026-03-03,Medeu,1,33.1,12,12,1966,panel,2.65,25880000
ALM-10317,2026-08-30,Bostandykskiy,2,57.8,8,20,2014,monolith,2.8,68490000
ALM-10283,2026-07-05,Zhetysu,3,80.7,1,12,1982,panel,2.66,"42,340,000"
ALM-10711,2026-08-08,Alatau,2,50.3,2,9,1968,panel,2.61,21270000
ALM-10338,2026-03-18,Alatau,3,69.0,3,5,1973,panel,2.58,30360000
ALM-10735,2026-02-10,Zhetysu,1,32.9,16,25,2024,monolith,2.93,22760000
ALM-10417,2026-07-21,Bostandyk,3,80.0 m²,3,3,1996,brick,2.8,70410000
ALM-10809,2026-04-08,Auezov,3,72.9,9,9,1966,panel,2.52,"44,410,000"
ALM-11017,2026-06-25,turksib,1,30.3,1,12,1981,panel,,12810000
ALM-10468,2026-03-10,Медеуский,4,93.8 m²,1,4,1955,brick,3.17,93130000
ALM-10763,2026-03-08,Alatau,3,75.9,23,25,2014,monolith,2.75,43940000
ALM-11097,2026-03-05,Bostandyk,3,84.4 m²,7,16,2014,monolith,2.79,82 080 000 ₸
ALM-10156,2026-03-08,Bostandyk,3,65.9,1,3,,brick,2.98,54990000
ALM-10702,2025-12-30,Nauryzbay,4,105.9,9,9,1990,panel,2.67,49300000
ALM-11197,2026-07-20,Medeu,4,114.1,3,12,1965,panel,2.53,117860000
ALM-10223,2026-01-02,Auezov,2,63.6,7,9,2019,monolith,2.86,44300000
ALM-10289,2026-05-12,Alatau,2,50.1,1,4,1994,brick,2.93,"22,060,000"
ALM-10948,2026-02-19,Zhetysu,2,56.5,10,12,,monolith,2.85,41470000
ALM-10762,2026-04-28,Bostandyk,1,39.9,5,9,1988,panel,2.69,30390000
ALM-10516,2026-07-07,TURKSIB,1,34.4,2,5,1989,panel,,15260000
ALM-10480,2026-06-09,Auezov,2,66.7,1,12,1979,panel,2.62,40 150 000 ₸
ALM-10988,2026-06-01, Zhetysu ,3,70.0,6,9,1966,panel,2.59,40480000
ALM-10420,2026-05-07,Turksib,2,55.1,11,9,1987,panel,2.63,27700000
ALM-10743,2026-03-20,Bostandyk,3,82.2,1,5,1978,panel,2.55,69380000
ALM-10990,2026-06-19,Turksib,1,31.6,1,9,1990,brick,2.71,15780000
ALM-11142,2026-07-29,bostandyk,2,62.9,8,20,2017,monolith,2.95,70240000
ALM-10087,2026-04-19,Zhetysu,2,67.6,8,9,1978,panel,2.51,38130000
ALM-10843,2026-08-15,Nauryzbay,2,60.8,1,4,2004,brick,3.06,26290000
ALM-10135,2026-08-31,turksib,1,38.1,4,9,2012,monolith,2.99,23040000
ALM-10721,2026-03-12,Bostandyk,3,80.1,18,20,2012,monolith,2.95,85880000
ALM-11086,2026-06-22,Medeu,2,53.3,1,12,2013,monolith,2.92,56 650 000 ₸
ALM-10369,2026-03-18,Bostandyk,3,84.8,8,25,0,monolith,2.74,91720000
ALM-10041,2026-04-07,Alatau,2,68.4,7,9,1960,brick,3.09,34880000
ALM-11160,2026-05-31, Alatau ,1,38.4 m²,9,9,2005,monolith,2.77,20990000
ALM-10443,2026-01-24,Auezov,2,52.6,4,12,1965,panel,2.67,40070000
ALM-10356,2026-01-03,Almaly,3,82.9,2,4,2002,brick,,68670000
ALM-10464,2026-03-04,Almaly,3,72.9,2,9,1990,panel,2.7,62340000
ALM-10801,2026-08-22,Bostandyk,5,109.3,1,9,1964,panel,,98200000
ALM-10131,2026-03-06,Almaly,1,43.3,2,3,1980,brick,2.98,41520000
ALM-10490,2026-03-06,Nauryzbay,4,92.1,15,16,0,monolith,3.0,55450000
ALM-10219,2026-04-17,Turksib,2,61.7,15,16,2006,monolith,2.75,40480000
ALM-10954,2026-03-04,Almaly,2,59.4,7,20,2024,monolith,3.0,69510000
ALM-11030,2026-01-15,Nauryzbay,3,85.5,3,12,2023,monolith,2.88,42940000
ALM-10176,2026-01-28,Medeu,3,54.7,6,9,1988,brick,3.13,66000000
ALM-10021,2026-04-06,Alatau,3,71.3,9,12,1988,panel,2.69,32300000
ALM-10051,2026-01-06,auezov,3,79.1,3,3,1991,brick,,48660000
ALM-11056,2026-06-14,Turksib,2,49.0,11,12,1967,panel,,20890000
ALM-10460,2026-05-28,Alatau,2,59.5,7,25,2005,monolith,2.76,31160000
ALM-11070,2026-01-14,Bostandyk,2,59.1,7,9,2011,monolith,2.82,59020000
ALM-11021,2026-05-04,Almaly,3,78.6,2,5,1984,panel,2.54,63570000
ALM-10452,2026-07-30,Turksib,1,37.8,6,20,2018,monolith,0,24020000
ALM-10130,2026-07-21,auezov,2,57.0,1,12,2012,monolith,2.98,37780000
ALM-10324,2026-07-10,nauryzbay,1,28.8,9,25,2013,monolith,2.9,15540000
ALM-10691,2026-01-23,NAURYZBAY,2,52.2,21,25,2016,monolith,2.95,29510000
ALM-11044,2026-04-05,Zhetysu,3,83.2,2,12,2017,monolith,2.98,55240000
ALM-10767,2026-08-01,ALMALY,1,26.8,5,9,,panel,2.68,23710000
ALM-11117,2026-04-23,Alatau,2,61.9,9,9,2015,monolith,2.7,32560000
ALM-10088,2026-08-27,Bostandyk,4,"122,5",1,9,1964,panel,2.55,104610000
ALM-10295,2026-05-31,Turksib,2,64.9,1,12,1974,panel,2.55,24420000
ALM-10143,2026-01-12,Zhetysu,3,81.3,4,5,1977,panel,2.64,46 050 000 ₸
ALM-10842,2026-07-03,Auezov,4,109.4,4,25,2006,monolith,2.88,87440000
ALM-10643,2026-08-29,Zhetysu,1,42.0,5,5,1980,panel,2.67,21480000
ALM-11013,2026-04-18,Bostandyk,1,36.0,8,9,1977,panel,,37430000
ALM-11164,2026-02-07,Turksib,2,42.5,12,12,1980,panel,2.51,17260000
ALM-10993,2026-07-17,Zhetysu,3,70.5,3,9,1988,panel,,37520000
ALM-10242,2026-06-18,Auezov,2,50.9,13,16,2015,monolith,2.82,34280000
ALM-10266,2026-07-04,Auezov,1,44.9,13,12,1962,panel,2.58,30160000
ALM-10473,2026-01-10,Alatau,3,75.7 m²,7,12,1976,panel,2.54,32760000
ALM-10274,2026-08-19,Turksib,5,120.6,5,16,2005,monolith,2.8,71690000
ALM-10251,2026-08-09,Almaly,1,34.2,1,3,,brick,2.75,28090000
ALM-10574,2026-05-23,Alatau,3,77.8,5,9,1979,panel,2.59,31960000
ALM-10455,2026-05-07,Almaly,1,34.5,5,9,2014,monolith,2.98,32110000
ALM-10284,2026-05-26,Almaly,1,31.5,1,5,1971,brick,0,25460000
ALM-10086,2026-02-08,Zhetysu,3,67.3,6,9,1981,panel,2.69,38130000
ALM-10719,2026-03-31,Наурызбайский,3,87.6,8,16,2008,monolith,2.78,42480000
ALM-10078,2026-02-25,Zhetysu,4,111.7,16,16,2011,monolith,2.71,80880000
ALM-10322,2026-07-12,Auezov,3,70.3,12,12,1984,panel,,35720000
ALM-10718,2026-06-24,turksib,1,41.2,3,5,1985,panel,2.59,"19,530,000"
ALM-10943,2026-02-14,Alatau,3,"90,7",3,9,1978,panel,0,39280000
ALM-11000,2026-06-06,Medeu,2,"45,7",1,5,1999,brick,2.72,43750000
ALM-10350,2026-01-22,Auezov,2,54.0,12,12,1965,panel,,34900000
ALM-10586,2026-03-15,Medeu,2,57.6,4,12,1966,panel,2.52,60430000
ALM-11061,2026-04-08,Zhetysu,1,42.1,1,4,1961,brick,,22940000
ALM-10541,2026-03-02,BOSTANDYK,3,89.5,2,4,0,brick,3.1,94010000
ALM-10916,2026-06-25,Zhetysu,3,91.1,4,5,1979,brick,2.93,65090000
ALM-10606,2026-03-04,Bostandyk,1,44.2 m²,1,9,0,panel,,34370000
ALM-10844,2026-08-25,Auezov,2,53.4,3,3,1996,brick,2.84,34420000
ALM-10073,2026-04-26,Turksib,1,36.2,7,9,1978,panel,2.6,18540000
ALM-10554,2026-06-05,Alatau,4,89.6,4,9,1976,panel,2.62,44700000
ALM-10043,2026-05-20,Alatau,2,68.8,6,12,1965,panel,2.53,29350000
ALM-10920,2026-01-20,Alatau,2,48.8,3,5,1999,brick,,24630000
ALM-10371,2026-04-07, Auezov ,3,78.1,4,5,1968,panel,,47430000
ALM-10555,2026-05-10,Medeu,3,77.4,1,5,1962,panel,2.5,81680000
ALM-10066,2026-03-07,Medeu,2,"62,2",8,9,2017,monolith,2.81,72490000
ALM-10792,2026-07-09,Zhetysu,1,30.1,18,25,2005,monolith,2.93,19690000
ALM-11100,2026-07-24,Turksib,3,77.3,4,5,1984,panel,2.61,39480000
ALM-10322,2026-07-12,Auezov,3,70.3,12,12,1984,panel,,35720000
ALM-10503,2026-01-10,Almaly,1,41.2,4,12,1972,panel,2.63,35490000
ALM-10464,2026-03-04,Almaly,3,72.9,2,9,1990,panel,2.7,62340000
ALM-10900,2026-08-19,Medeu,1,39.1,21,25,2017,monolith,2.93,47340000
ALM-10890,2026-03-04,Almaly,2,62.6,1,5,1965,panel,,50790000
ALM-10964,2026-04-23,Medeu,2,66.2,13,25,2012,monolith,2.75,73050000
ALM-10940,2026-04-06,Auezov,3,67.9,1,3,1973,brick,3.04,44490000
ALM-10072,2026-03-01,Medeu,2,530.0,9,20,0,monolith,2.96,64270000
ALM-10965,2026-06-13,Alatau,3,84.5,8,9,1964,panel,2.65,37940000
ALM-11043,2026-02-06,Medeu,3,"63,0",6,9,1965,brick,2.95,74790000
ALM-10644,2026-07-03,Zhetysu,1,39.1,3,5,1996,brick,2.71,23860000
ALM-10933,2026-04-25, Auezov ,3,77.4,3,3,1992,brick,2.85,51210000
ALM-10602,2026-04-18,Auezov,2,53.7,5,12,1988,panel,2.53,34420000
ALM-10646,2026-08-21,Alatau,3,83.3,10,16,2020,monolith,2.98,46960000
ALM-10039,2026-01-21,Turksib,3,88.6,3,5,1979,brick,2.73,43420000
ALM-10701,2026-03-10,Auezovskiy,4,104.6,1,9,1952,brick,2.9,71160000
ALM-10594,2026-07-19,Bostandyk,2,55.8,3,3,1973,brick,2.81,55100000
ALM-10758,2026-06-26,Turksib,1,"36,3",4,9,1986,brick,2.79,19 520 000 ₸
ALM-10708,2026-01-14,Alatau,1,38.2,6,9,1972,brick,2.83,17940000
ALM-10714,2026-03-24,Turksib,2,54.9,8,9,1991,panel,2.56,29050000
ALM-10580,2026-06-18,Auezov,1,46.6,1,12,1976,panel,2.7,26100000
ALM-10522,2026-05-16,Medeu,2,56.4,1,9,1975,brick,2.98,55620000
ALM-11009,2026-02-25,Nauryzbay,2,56.8 m²,4,12,2024,monolith,3.0,35 070 000 ₸
ALM-10126,2026-08-29,AUEZOV,3,54.8,1,20,2008,monolith,2.97,37470000
ALM-10723,2026-04-19,Bostandyk,1,38.0,12,20,2015,monolith,2.81,43960000
ALM-10788,2026-06-11,Alatau,1,47.6,12,12,1971,panel,,17170000
ALM-10114,2026-08-02,Medeu,2,58.0,8,9,2005,monolith,2.85,67690000
ALM-11011,2026-05-14,Auezov,2,44.6,2,5,1988,panel,,27770000
ALM-11060,2026-01-31,Auezov,2,53.3,5,12,1966,panel,2.53,30740000
ALM-10682,2026-02-07,Nauryzbay,4,113.8,1,9,2012,monolith,2.73,63580000
ALM-10605,2026-07-05,nauryzbay,2,54.3,5,20,2006,monolith,2.76,36960000
ALM-10547,2026-05-07,Almaly,3,66.1,5,5,1990,panel,2.53,51000000
ALM-10845,2026-08-23,Nauryzbay,2,59.8,6,9,,brick,3.01,32240000
ALM-10637,2026-07-22,Medeu,3,86.4,5,5,1960,brick,3.06,99730000
ALM-11098,2026-06-12,Medeu,5,"146,5",4,5,1968,panel,2.52,149220000
ALM-10597,2026-05-01,Medeu,3,"66,5",8,9,1997,brick,2.87,74 930 000 ₸
ALM-10046,2026-04-03,Alatau,2,47.0,11,16,2009,monolith,2.87,24770000
ALM-11080,2026-07-01,Nauryzbay,2,"61,1",15,16,2019,monolith,2.71,34250000
ALM-10774,2026-01-17,Auezov,4,98.5,5,5,1952,brick,2.79,59540000
ALM-10474,2026-08-07,Nauryzbay,4,102.9,5,5,,panel,2.66,42850000
ALM-11154,2026-06-13,Medeu,5,137.8,4,25,2017,monolith,2.93,183190000
ALM-11167,2026-06-10,Nauryzbay,1,42.5,3,5,1982,panel,2.61,19970000
ALM-10783,2026-06-10,Medeu,4,120.4,12,12,2017,monolith,2.85,149210000
ALM-10346,2026-04-09,Nauryzbay,2,67.8,8,9,2024,monolith,0,32790000
ALM-10623,2026-05-06,Almaly,2,57.3,1,3,1992,brick,2.75,50190000
ALM-10477,2026-07-09,Bostandyk,2,53.5,11,12,1973,panel,,44040000
ALM-11152,2026-03-25,Zhetysu,1,35.2,15,25,2010,monolith,2.93,22060000
ALM-11055,2026-07-15,Bostandyk,2,60.8,3,12,,panel,,57640000
ALM-10739,2026-01-31,Auezov,3,73.8,1,9,2005,brick,3.15,47730000
ALM-10391,2026-05-30,Auezovskiy,2,50.4,2,3,0,brick,,31590000
ALM-10212,2026-04-04,Nauryzbay,2,54.0,9,12,1970,panel,2.61,19220000
ALM-10771,2026-04-17,Nauryzbay,2,47.4,14,20,2010,monolith,2.89,27090000
ALM-10252,2026-01-23,Turksib,5,133.0,3,5,1964,panel,2.55,65300000
ALM-10336,2026-02-16,Almaly,2,47.0,20,20,2013,monolith,,51110000
ALM-11140,2026-05-07,Auezov,1,34.4,1,3,1994,brick,2.77,21390000
ALM-11189,2026-02-11,NAURYZBAY,2,62.3,3,12,1971,panel,2.53,25560000
ALM-10523,2026-01-29,Nauryzbay,2,66.3 m²,2,4,1998,brick,,31020000
ALM-10342,2026-05-05,Alatau,3,68.0,3,12,1984,panel,,29440000
ALM-10214,2026-08-03,Bostandykskiy,2,47.5,3,3,1986,brick,2.93,48640000
ALM-10700,2026-04-02,Almaly,2,50.0 m²,5,16,2007,monolith,2.87,50470000
ALM-10115,2026-05-02,Bostandyk,2,45.5,5,20,2013,monolith,2.94,51550000
ALM-10687,2026-01-26,Zhetysu,2,49.2,20,20,2011,monolith,2.71,31180000
ALM-11018,2026-03-26,Nauryzbay,3,70.3,9,16,2013,monolith,2.91,35200000
ALM-11147,2026-06-25,Almaly,2,56.7,4,9,2018,monolith,2.86,57130000
ALM-10908,2026-08-01, Turksib ,2,59.6,5,5,1986,panel,2.52,28300000
ALM-11153,2026-05-05,Almaly,1,38.0,4,5,1961,brick,2.73,37050000
ALM-10293,2026-08-13,Auezov,studio,31.1,1,5,1986,panel,2.61,18670000
ALM-10604,2026-06-27,Auezov,4,"120,1",2,5,1968,panel,2.62,76250000
ALM-10104,2026-06-13,Auezov,2,63.9,2,9,1987,panel,2.52,34650000
ALM-10867,2026-03-26,Auezov,studio,31.3,10,25,2012,monolith,2.94,24080000
ALM-10560,2026-07-05,Almaly,studio,32.2,11,20,2019,monolith,2.89,29510000
ALM-10063,2026-06-04,Medeu,2,52.7,3,9,1978,panel,2.59,54120000
ALM-10245,2026-07-07,Nauryzbay,1,36.7,7,12,1985,panel,2.56,15660000
ALM-10318,2026-07-09,Almaly,2,60.3,11,12,2017,monolith,2.96,57600000
ALM-10897,2026-03-29,Nauryzbay,2,56.4,3,3,1981,brick,2.7,26490000
ALM-11179,2026-04-21,Auezov,1,40.6,9,9,1972,panel,2.64,21730000
ALM-10858,2026-04-05,Alatau,3,76.3,2,4,1964,brick,,40000000
ALM-11045,2026-07-08,Medeu,1,43.2,2,4,1998,brick,3.17,47950000
ALM-10769,2026-04-15,Auezov,2,59.5,7,9,1978,panel,2.68,31760000
ALM-10547,2026-06-02,Almaly,3,66.1,5,5,1990,panel,2.53,48620000
ALM-10821,2026-02-15,Almaly,1,38.3,7,12,0,monolith,2.96,40170000
ALM-10219,2026-04-24,Turksib,2,61.7,15,16,2006,monolith,2.75,38120000
ALM-10381,2026-04-14,Nauryzbay,1,39.7,3,9,2011,monolith,2.94,22490000
ALM-10996,2026-07-25,Almaly,3,73.6,1,12,1965,panel,2.62,51980000
ALM-10693,2026-02-02,Turksib,4,89.6,12,12,1970,panel,,38470000
ALM-10184,2026-06-06,Zhetysu,2,65.5,1,4,1970,brick,2.77,35010000
ALM-10932,2026-04-06,Zhetysu,1,38.9,3,9,1971,panel,2.5,24020000
ALM-10999,2026-05-30,Bostandyk,1,"37,3",1,5,1965,brick,3.06,38540000
ALM-10159,2026-02-27,Medeu,1,36.4 m²,12,16,0,monolith,2.86,48 000 000 ₸
ALM-11129,2026-05-10, Medeu ,1,44.5,4,12,1983,panel,2.61,40660000
ALM-10624,2026-06-21,Alatau,1,39.6 m²,8,9,1993,brick,3.0,18160000
ALM-11121,2026-07-05,Alatau,2,59.4,4,16,2016,monolith,2.93,32800000
ALM-11113,2026-04-12,Medeu,1,45.4,4,5,1977,panel,2.61,39930000
ALM-10447,2026-04-08,Bostandyk,1,39.6,3,5,1976,panel,2.51,35180000
ALM-10742,2026-02-21,Turksib,3,77.5,2,9,1962,panel,2.65,39840000
ALM-11166,2026-04-28,Auezov,2,43.8,12,12,2016,monolith,2.81,32 160 000 ₸
ALM-10409,2026-01-25,Auezov,2,67.9,6,9,2018,monolith,2.99,45830000
ALM-11016,2026-06-02,Turksib,2,55.8,2,3,1968,brick,,33550000
ALM-10101,2026-05-19,Medeu,2,58.6,1,4,1976,brick,,59670000
ALM-11082,2026-07-19,Alatau,2,52.9,6,12,1979,panel,,24030000
ALM-10081,2026-02-13,Turksib,2,48.2,1,12,2022,monolith,2.87,23610000
ALM-10139,2026-08-20,Zhetysu,2,50.0,19,25,2011,monolith,,36670000
ALM-10626,2026-05-13,Zhetysu,4,110.3,2,5,1981,brick,2.78,64860000
ALM-11072,2026-06-18,Almaly,studio,31.7,12,12,1974,panel,,23330000
ALM-10730,2026-06-21,Medeu,2,59.2,4,9,2000,brick,2.74,58020000
ALM-10192,2026-07-01,Turksib,2,62.7,22,25,2014,monolith,2.75,40110000
ALM-10383,2026-08-01,Bostandyk,1,32.1,1,4,,brick,2.9,24950000
ALM-10441,2026-08-15,Bostandyk,1,45.1,5,9,1975,panel,0,37340000
ALM-10169,2026-03-06,Turksib,1,37.8,6,12,1981,panel,2.62,21060000
ALM-10364,2026-04-05,Auezov,1,42.6,3,5,1967,panel,2.62,25250000
ALM-10341,2026-07-12,Бостандыкский,3,83.3,5,5,1969,panel,2.64,69040000
ALM-10707,2026-04-03,Almaly,2,62.0,8,12,1973,panel,2.56,43060000
ALM-10026,2026-06-26,Alatau,2,47.6,9,9,1967,panel,2.7,22020000
ALM-10239,2026-06-23,Turksib,3,92.4,5,5,1979,panel,2.66,40 300 000 ₸
ALM-11123,2026-04-14,Zhetysu,1,40.7,11,12,1980,panel,2.59,21 860 000 ₸
ALM-10247,2026-02-15,Almaly,2,49.3,3,3,1954,brick,2.77,39110000
ALM-10064,2026-03-20,Auezov,1,35.4 m²,8,16,2008,monolith,2.98,25180000
ALM-10620,2026-04-16,Bostandyk,2,53.6,3,5,1967,panel,,53670000
ALM-10537,2026-02-07,Zhetysu,1,42.0,2,5,1979,brick,3.0,25920000
ALM-10447,2026-05-15,Bostandyk,1,39.6,3,5,1976,panel,2.51,32360000
ALM-10497,2026-08-18,Bostandyk,3,72.9,3,5,1991,panel,2.67,60030000
ALM-10524,2026-07-10,Zhetysu,5,123.4,6,12,2008,monolith,2.79,86380000
ALM-10677,2026-06-10,Almaly,4,90.8,4,5,1984,panel,2.63,78510000
ALM-10981,2026-07-16,Almaly,3,87.8,1,12,2012,monolith,2.88,91720000
ALM-10248,2026-06-17,Auezov,3,81.9,16,25,2018,monolith,2.75,"59,440,000"
ALM-10374,2026-04-28,auezov,3,82.3,1,9,1986,panel,2.68,46060000
ALM-10980,2026-07-05,Almaly,3,91.7,10,12,2014,monolith,2.75,88740000
ALM-10612,2026-03-10,Auezov,4,117.7,8,9,1984,brick,3.02,89 990 000 ₸
ALM-10528,2026-08-15,Auezov,1,37.3,1,5,1975,panel,2.67,19980000
ALM-10070,2026-03-15,Nauryzbay,2,54.4,8,9,1965,panel,2.67,23350000
ALM-10386,2026-05-04,Turksib,2,53.3,1,5,1970,panel,2.65,24920000
ALM-10141,2026-04-02,Medeu,studio,31.9,4,9,1973,panel,,32440000
ALM-10258,2026-02-12,Nauryzbay,1,40.2,12,20,2021,monolith,2.87,22930000
ALM-10355,2026-04-02,Turksib,2,49.9,1,5,1979,brick,2.98,24840000
ALM-10600,2026-07-02,Auezov,3,80.1,3,5,0,panel,2.51,48520000
ALM-11085,2026-04-01,Nauryzbay,2,58.4,2,4,1961,brick,,27540000
ALM-10367,2026-03-07,Alatau,2,55.5,8,12,1982,panel,2.68,23620000
ALM-10625,2026-02-12,Medeu,2,50.7,10,20,2008,monolith,2.74,66270000
ALM-10411,2026-03-01,Bostandyk,3,75.9,2,4,1992,brick,,80510000
ALM-10203,2026-06-26,Nauryzbay,1,"35,2",4,9,1979,brick,3.04,16470000
ALM-10376,2026-08-17,Bostandyk,4,99.0,1,5,1973,panel,2.54,89440000
ALM-10125,2026-07-19,Nauryzbay,1,40.7,11,12,1971,panel,2.61,15810000
ALM-10966,2026-04-17,Bostandyk,4,108.8,17,20,2015,monolith,3.0,116270000
ALM-11128,2026-02-18,Almaly,4,145.9,8,12,2007,monolith,2.86,148590000
ALM-10976,2026-07-30,Alatauskiy,1,37.9 m²,10,20,2015,monolith,2.91,22810000
ALM-10484,2026-05-10,turksib,1,36.7,7,20,2024,monolith,2.89,22040000
ALM-10229,2026-07-25,Zhetysu,3,92.9,7,9,1989,brick,2.78,58830000
ALM-11067,2026-05-30,Medeu,3,78.6,1,3,,brick,2.77,90500000
ALM-10179,2026-01-24,Medeu,1,34.6,18,25,2014,monolith,2.86,48720000
ALM-10949,2026-07-29,Medeu,1,36.5,5,5,1983,panel,2.66,29910000
ALM-10124,2026-03-01,Auezov,4,104.7,2,3,1958,brick,3.05,75270000
ALM-11200,2026-07-08,Bostandyk,3,83.0,5,12,1990,panel,2.54,71940000
ALM-10587,2026-01-05,Turksib,2,55.0,8,9,1987,panel,0,27310000
ALM-10067,2026-03-11,Almaly,2,54.6,1,12,0,monolith,2.97,50060000
ALM-10093,2026-03-30,Nauryzbay,2,67.8,1,9,1977,panel,2.59,25390000
ALM-10610,2026-06-18,bostandyk,2,58.2,8,20,2006,monolith,2.91,55940000
ALM-11188,2026-02-21,Turksib,3,86.8,12,12,1971,panel,2.6,35130000
ALM-10651,2026-08-06,Almaly,3,87.3,9,9,1986,panel,2.63,61750000
ALM-10108,2026-04-30,Auezov,1,41.3,1,9,2024,monolith,2.71,25060000
ALM-11075,2026-03-25,Bostandyk,1,42.0,3,4,1952,brick,3.02,42390000
ALM-10899,2026-03-19,Zhetysu,2,61.1 m²,9,9,1957,brick,2.94,36600000
ALM-10282,2026-06-22,Almaly,2,55.0,1,5,0,panel,2.54,38870000
ALM-10661,2026-05-09,Alatau,4,115.8,5,12,1989,panel,2.53,50900000
ALM-10670,2026-01-22,Zhetysu,3,64.3,1,16,,monolith,2.99,40040000
ALM-10747,2026-07-22,Turksib,2,46.3,4,5,,panel,2.52,25930000
ALM-11051,2026-02-18,Nauryzbay,3,64.0,13,16,2021,monolith,3.0,31780000
ALM-10099,2026-05-05,Turksib,studio,29.9,6,9,1987,panel,2.65,16260000
ALM-10228,2026-06-27,Medeu,2,65.9,7,9,1962,panel,2.61,62130000
ALM-10136,2026-05-30,zhetysu,2,56.8,2,3,1986,brick,,36710000
ALM-10456,2026-01-30,Almaly,3,61.5,3,5,2000,brick,2.85,57960000
ALM-10189,2026-01-27,Medeu,2,58.8,8,9,1978,brick,0,59850000
ALM-10282,2026-06-06,Almaly,2,55.0,1,5,0,panel,2.54,42100000
ALM-10557,2026-03-17,Bostandyk,1,37.9,6,9,1969,panel,,28180000
ALM-10023,2026-08-14,Medeu,3,66.4,5,5,1986,panel,2.58,66950000
ALM-10272,2026-02-18,Alatau,2,43.3,9,9,1987,panel,2.65,20690000
ALM-10016,2026-01-29,Auezov,1,39.7,13,25,2022,monolith,2.8,32100000
ALM-10974,2026-08-09,Zhetysu,1,"39,0",4,5,1975,brick,2.72,25660000
ALM-10864,2026-06-13,Auezov,2,50.9,5,9,1964,panel,2.68,28530000
ALM-10827,2026-03-20,Bostandyk,2,61.5,12,25,2019,monolith,2.96,"58,640,000"
ALM-10413,2026-03-02,Medeu,3,81.0,11,16,2018,monolith,2.92,95590000
ALM-10990,2026-06-19,Turksib,1,31.6,1,9,1990,brick,2.71,15780000
ALM-10971,2026-03-21,Alatau,3,79.6,1,5,1977,panel,2.53,33590000
ALM-10435,2026-04-17, Nauryzbay ,2,68.5,11,12,1964,panel,,31470000
ALM-10892,2026-01-23,Alatau,1,45.2,6,9,1969,brick,3.08,22330000
ALM-10080,2026-02-16,Bostandyk,3,83.1,2,3,1972,brick,3.07,78510000
ALM-10681,2026-04-08,Almalinskiy,3,80.5,12,12,1973,panel,,66190000
ALM-10550,2026-05-06,Nauryzbay,2,38.5,3,5,1986,panel,,19500000
ALM-11111,2026-05-25,Bostandyk,2,53.5,2,9,1987,panel,,48180000
ALM-10684,2026-01-26,Bostandyk,4,94.2,2,5,1962,panel,2.52,85210000
ALM-10148,2026-02-28, Auezov ,2,45.4,4,12,1973,panel,2.62,24750000
ALM-10766,2026-08-08,medeu,2,43.6,1,9,1980,brick,2.84,50 450 000 ₸
ALM-10235,2026-01-06,Alatau,3,67.6,7,9,1976,panel,,27360000
ALM-10807,2026-01-20,Bostandyk,2,60.5,1,20,2007,monolith,2.76,61590000
ALM-10970,2026-08-04,Auezov,3,80.5,2,3,1957,brick,2.76,56830000
ALM-10760,2026-01-10,auezov,2,62.1,14,16,2013,monolith,2.94,42460000
ALM-10789,2026-08-26,Turksib,3,87.7,3,5,1973,panel,2.59,40610000
ALM-11062,2026-06-04,Turksib,3,83.0,2,12,1978,panel,2.55,36710000
ALM-10090,2026-07-10,Zhetysu,3,80.1,16,25,2012,monolith,2.89,67530000
ALM-10929,2026-07-25,Zhetysu,2,56.0,2,3,1961,brick,2.77,45340000
ALM-10545,2026-08-06,Almaly,3,80.8,7,9,1988,brick,2.93,72930000
ALM-10121,2026-01-17,Medeu,1,40.9,10,12,1986,panel,2.67,38610000
ALM-10016,2026-01-20,Auezov,1,39.7,13,25,2022,monolith,2.8,35130000
ALM-10098,2026-05-15,Almaly,2,44.7,6,25,2009,monolith,2.94,49470000
ALM-10581,2026-01-09,Bostandyk,3,68.6,4,9,2016,monolith,2.77,67560000
ALM-10796,2026-08-21,Жетысуский,4,94.3,7,16,2010,monolith,2.9,76730000
ALM-10998,2026-01-26,Medeu,3,75.5,2,12,1975,panel,2.69,66 510 000 ₸
ALM-10952,2026-01-05,Ауэзовский,3,80.4,9,20,2010,monolith,2.84,57310000
ALM-10270,2026-01-01,Bostandyk,2,49.7,7,12,2017,monolith,2.73,55950000
ALM-10931,2026-07-08,bostandyk,3,64.6,5,9,1958,brick,,59 590 000 ₸
ALM-10309,2026-05-22,MEDEU,3,"68,1",10,16,2024,monolith,2.96,79570000
ALM-11064,2026-04-21,Zhetysu,3,103.5,2,5,1950,brick,2.93,66840000
ALM-10211,2026-02-13,Bostandyk,2,44.0,2,5,2003,brick,3.08,46010000
ALM-10145,2026-06-01,Auezov,4,107.4,23,25,2014,monolith,2.94,81790000
ALM-10806,2026-06-08,Medeu,3,86.1,8,20,2017,monolith,2.89,113570000
ALM-10232,2026-01-06,Bostandyk,1,44.9,1,9,1981,panel,2.56,37410000
ALM-10737,2026-01-31,Almaly,1,43.7 m²,4,9,1982,brick,,42410000
ALM-10321,2026-05-31,Zhetysu,4,106.9,10,5,1968,panel,2.64,74860000
ALM-11095,2026-04-21,Almaly,2,53.6,15,16,2005,monolith,2.77,58980000
ALM-10170,2026-05-21,Nauryzbay,1,35.6,9,25,,monolith,2.85,22140000
ALM-10828,2026-04-08,Medeu,3,81.3,3,5,1988,brick,2.88,74160000
ALM-10564,2026-03-30,Bostandyk,2,55.5,3,20,2015,monolith,2.84,62610000
ALM-11115,2026-08-09,Nauryzbay,2,49.3,4,16,2012,monolith,2.94,27100000
ALM-10244,2026-01-04,Medeuskiy,2,"53,9",3,5,1985,brick,2.96,62330000
ALM-10365,2026-01-11,Bostandyk,4,106.5,1,5,1969,brick,3.12,88320000
ALM-10368,2026-07-22,Auezov,3,65.9,12,25,2018,monolith,2.75,51550000
ALM-10614,2026-06-01,Almaly,4,92.3,1,3,1969,brick,2.77,83720000
ALM-10259,2026-08-11,Auezov,3,93.0,5,5,1988,panel,,48450000
ALM-10465,2026-03-24,Nauryzbay,studio,28.3,3,3,1995,brick,3.16,13850000
ALM-11173,2026-02-18, Zhetysu ,3,79.4,13,20,2020,monolith,2.77,48570000
ALM-10975,2026-03-11,Alatau,3,73.1,11,12,1992,panel,2.55,"30,950,000"
ALM-10260,2026-02-10,Auezovskiy,1,35.8,12,12,2006,monolith,2.73,23870000
ALM-10180,2026-02-10,Turksib,1,32.7,3,5,1988,brick,2.92,17070000
ALM-10817,2026-08-24,Medeu,2,59.4,5,9,1971,panel,2.65,56440000
ALM-10553,2026-04-07,Turksib,4,108.0,2,5,1984,panel,2.61,55250000
ALM-10634,2026-08-20,Zhetysu,3,"68,9",8,9,1971,panel,2.63,40720000
ALM-11190,2026-04-19,Medeu,3,87.8,4,5,1961,brick,2.78,99540000
ALM-10275,2026-07-30,Nauryzbay,3,77.5,3,3,1967,brick,3.11,33910000
ALM-11006,2026-06-26,Bostandyk,5,155.4,20,25,2019,monolith,2.8,167 190 000 ₸
ALM-10191,2026-06-29,Almaly,1,39.5,3,20,2019,monolith,2.95,43250000
ALM-10165,2026-01-22,Medeu,2,53.8,4,16,2016,monolith,2.92,69630000
ALM-11137,2026-05-24,Bostandyk,1,34.7,2,5,1971,brick,2.93,34860000
ALM-11158,2026-06-06,Medeu,2,55.3,4,5,1967,panel,2.51,52910000
ALM-10779,2026-02-05,Auezov,3,87.0,1,5,1972,panel,2.51,"41,500,000"
ALM-10814,2026-05-01,Alatau,4,93.9,1,5,1972,brick,3.0,46300000
ALM-11145,2026-08-23,Auezov,3,82.4,4,4,1957,brick,2.83,49 430 000 ₸
ALM-10193,2026-06-22,Auezov,5,141.6,16,20,2021,monolith,,87470000
ALM-10938,2026-08-21,Medeu,5,133.0,1,9,2013,monolith,2.93,167850000
ALM-11161,2026-03-18,Alatau,3,87.5,2,3,2002,brick,2.79,45200000
ALM-10308,2026-02-27,Alatau,2,55.0,3,3,2004,brick,3.1,26040000
ALM-10539,2026-03-01,Medeu,1,28.5,5,5,1970,panel,2.62,24220000
ALM-11046,2026-05-20, Almaly ,1,44.1,11,12,1970,panel,,35250000
ALM-10196,2026-03-04,Nauryzbay,5,133.3,3,3,1980,brick,3.07,60570000
ALM-10075,2026-07-20,Almaly,5,"122,3",3,5,1992,brick,3.19,109630000
ALM-10292,2026-07-15,Bostandyk,3,83.5,11,16,2017,monolith,2.79,92340000
ALM-10399,2025-11-24,Наурызбайский,1,38.9,1,9,2011,monolith,2.81,20580000
ALM-10561,2026-04-04,Nauryzbay,2,54.8,1,5,1956,brick,2.74,27180000
ALM-11032,2026-01-30,Auezov,2,57.0,4,9,1962,panel,2.67,37740000
ALM-11184,2026-03-23,Bostandyk,3,83.0,8,12,1982,panel,2.55,91280000
ALM-10370,2026-04-08,ZHETYSU,3,81.3,17,20,2016,monolith,2.88,61960000
ALM-10756,2026-07-18,Medeu,2,"61,9",2,9,1994,brick,3.08,80390000
ALM-10024,2026-05-03,Almaly,3,77.6,8,12,1974,panel,2.61,64320000
ALM-10683,2026-06-04,Bostandyk,2,52.7,8,9,1979,brick,2.79,56000000
ALM-10288,2026-05-18,Alatau,1,40.8,-1,20,2017,monolith,0,19890000
ALM-10756,2026-07-28,Medeu,2,"61,9",2,9,1994,brick,3.08,74230000
ALM-10339,2026-07-22,Bostandyk,3,"78,4",7,12,1971,panel,2.68,67330000
ALM-11090,2026-02-25,Turksib,2,50.1,2,12,1983,panel,2.57,23210000
ALM-10279,2026-01-21,turksib,1,34.7,2,16,2008,monolith,2.83,20780000
ALM-10841,2026-04-25,Auezov,2,48.7,9,12,2013,monolith,2.92,42 240 000 ₸
ALM-10919,2026-05-28,Auezov,3,100.3,12,12,2009,monolith,2.7,67890000
ALM-10076,2026-03-31,Nauryzbay,3,64.2,9,9,1966,panel,2.58,24480000
ALM-11130,2026-04-13,Nauryzbay,1,34.2,4,9,1964,panel,2.53,14830000
ALM-10331,2026-08-15,Auezov,2,58.3,3,3,1981,brick,3.14,39480000
ALM-11008,2026-01-15,Auezov,3,87.0,9,9,1966,panel,,47240000
ALM-11005,2026-07-18,Alatauskiy,4,91.5,2,5,1966,panel,2.63,39080000
ALM-10425,2026-02-14,Auezov,3,79.0,6,9,2019,monolith,2.7,59820000
ALM-10787,2026-02-01,Alatau,4,103.2,5,5,1990,panel,2.53,46030000
ALM-10054,2026-01-16,Medeu,studio,30.9,2,12,1983,panel,2.62,24480000
ALM-10349,2026-08-17,Medeu,3,74.6 m²,4,4,,brick,3.17,80150000
ALM-11133,2026-02-20,Medeu,1,49.3,3,9,1970,panel,,45090000
ALM-10548,2026-07-18,Auezov,2,57.6,2,5,2004,brick,2.86,36240000
ALM-10138,2026-05-18,Bostandyk,4,105.7,3,5,2005,brick,,114310000
ALM-10833,2026-06-13,Zhetysu,1,46.1,4,5,1987,panel,2.63,25880000
ALM-10886,2026-03-08,Medeu,4,95.1,2,5,1974,panel,,97390000
ALM-10312,2026-08-14,ALMALY,2,51.4,9,9,1954,brick,3.19,48120000
ALM-10439,2026-04-13,Almaly,5,148.4,2,9,,panel,2.69,125650000
ALM-10811,2026-01-22,Nauryzbay,2,62.1,6,9,1967,panel,2.53,25170000
ALM-10588,2026-05-01,Alatau,3,79.5,5,12,1983,panel,2.58,33220000
ALM-10246,2026-06-29,auezov,1,38.8,5,5,1994,brick,2.9,24860000
ALM-10850,2026-08-31,Bostandyk,studio,32.3,8,12,1969,panel,2.6,23760000
ALM-11114,2026-05-05,Auezov,3,68.5,2,4,1974,brick,2.75,49610000
ALM-10710,2026-03-06,Auezov,studio,32.4,1,5,1969,panel,2.6,18160000
ALM-10613,2026-06-04,Nauryzbay,3,74.9,8,16,2019,monolith,2.83,38520000
ALM-11024,2026-03-07,Nauryzbay,1,35.8,11,20,2024,monolith,2.87,20510000
ALM-11186,2026-07-02,Bostandyk,4,104.3,4,5,1968,panel,2.53,74820000
ALM-10549,2026-07-06,Alatau,2,"62,0",3,12,1964,panel,,28490000
ALM-10280,2026-01-17,TURKSIB,3,69.0,2,5,,brick,0,45930000
ALM-10036,2026-03-31,Medeu,1,36.1,3,3,1981,brick,3.06,38780000
ALM-10412,2026-06-08,Медеуский,2,60.5,2,4,1992,brick,3.01,65900000
ALM-11146,2026-02-24,Almaly,2,41.8,14,25,2006,monolith,2.79,43860000
ALM-10091,2026-03-06,Medeu,2,49.1,5,9,2024,monolith,3.0,56920000
ALM-10428,2026-07-08,Bostandyk,1,51.3,8,12,2016,monolith,2.77,52150000
ALM-10405,2026-02-10,Turksib,1,356.0,5,5,1953,brick,,18830000
ALM-11097,2026-03-05,Bostandyk,3,84.4 m²,7,16,2014,monolith,2.79,82 080 000 ₸
ALM-11134,2026-07-16,Bostandyk,2,56.2,11,12,2020,monolith,2.8,64670000
ALM-10465,2026-02-18,Nauryzbay,studio,28.3,3,3,1995,brick,3.16,14430000
ALM-10520,2026-01-14,Almalinskiy,2,50.3,1,3,1995,brick,3.17,55060000
ALM-11183,2026-03-18,Zhetysu,2,69.8,1,9,,panel,2.54,33260000
ALM-10937,2026-02-26,Medeu,4,103.5,1,5,1993,brick,2.91,103530000
ALM-10394,2026-01-19,Turksib,2,50.4,14,20,2021,monolith,2.81,28250000
ALM-11089,2026-02-05,Zhetysu,2,48.8,5,9,2018,monolith,2.78,34000000
ALM-10753,2026-03-29,Almaly,3,76.7,14,16,2005,monolith,2.88,75370000
ALM-10878,2026-05-04,Medeu,2,53.0,5,9,1987,brick,3.16,62280000
ALM-10419,2026-01-25,Medeu,2,46.6,2,20,0,monolith,2.74,49630000
ALM-10767,2026-07-24,ALMALY,1,26.8,5,9,,panel,2.68,25290000
ALM-10972,2026-04-17,Nauryzbayskiy,2,64.5,3,12,1991,panel,2.7,28780000
ALM-10555,2026-05-27,Medeu,3,77.4,1,5,1962,panel,2.5,74680000
ALM-10296,2026-06-07,Almalinskiy,2,56.7,5,12,1969,panel,2.59,47480000
ALM-10183,2026-06-24,Nauryzbay,3,80.8,4,5,1970,brick,2.77,40500000
ALM-10896,2026-08-07,Medeu,2,52.3,5,12,1965,panel,2.58,48000000
ALM-10904,2026-01-29,Zhetysu,3,77.2,1,12,2016,monolith,2.79,48380000
ALM-10163,2026-05-01,Almaly,3,65.4 m²,10,20,2012,monolith,2.78,65220000
ALM-10717,2026-04-22,Bostandyk,1,33.1,2,4,1971,brick,2.83,34390000
ALM-10532,2026-02-26,Bostandyk,3,81.6,7,9,1983,panel,2.68,70450000
ALM-10030,2026-03-17,Turksib,3,88.1,11,12,2017,monolith,,53370000
ALM-10863,2026-02-08,Zhetysu,2,53.1,4,4,1954,brick,,31650000
ALM-11199,2026-03-23,Medeu,2,55.5,7,16,2009,monolith,2.91,71300000
ALM-11131,2026-04-15,Наурызбайский,2,54.7,7,9,1999,brick,2.71,26640000
ALM-10017,2026-05-03,Almaly,2,55.0,7,12,1985,panel,2.55,45810000
ALM-10200,2026-04-09,Bostandyk,1,45.3,9,25,2016,monolith,2.71,49800000
ALM-10662,2026-01-27,Zhetysu,4,"77,4",12,16,2010,monolith,2.96,53280000
ALM-10506,2026-07-18,Zhetysu,1,41.6,2,16,2008,monolith,2.81,"31,620,000"
ALM-11057,2026-03-26,Alatau,2,52.6,14,16,2009,monolith,2.96,31490000
ALM-11172,2026-04-28,Medeu,2,55.7,3,9,1974,panel,2.52,57820000
ALM-10752,2026-03-25,Auezov,1,36.6,2,5,1986,panel,2.55,25420000
ALM-10982,2026-04-18,Nauryzbay,3,82.1,5,5,1984,panel,2.68,33510000
ALM-11068,2026-05-06,Alatau,2,47.3,1,5,1962,panel,,22110000
ALM-10859,2026-08-07,Zhetysu,3,"82,7",18,20,2020,monolith,2.77,57640000
ALM-10659,2026-08-24,Turksib,2,544.0,1,3,1999,brick,2.74,25030000
ALM-10963,2026-03-22,Alatau,4,112.0,5,20,2017,monolith,2.81,67380000
ALM-10740,2026-06-30,Almaly,3,69.1,10,16,2006,monolith,2.87,71680000
ALM-10577,2026-06-21,Auezov,3,80.8,12,20,2007,monolith,2.71,62620000
ALM-10656,2026-05-15,Turksib,3,58.5,1,9,1982,panel,2.53,24360000
ALM-10413,2026-03-11,Medeu,3,81.0,11,16,2018,monolith,2.92,89 740 000 ₸
ALM-10562,2026-07-10,Bostandyk,3,76.8,13,16,2020,monolith,2.98,101700000
ALM-10012,2026-04-13,turksib,1,25.8,5,5,1980,panel,2.66,12 210 000 ₸
ALM-10835,2026-01-31,Auezov,1,46.6,7,9,2017,monolith,2.91,36150000
ALM-10281,2026-01-22,nauryzbay,3,89.6,2,5,1967,panel,2.55,36 840 000 ₸
ALM-11163,2026-01-08,Nauryzbay,1,32.3,6,25,2022,monolith,2.98,17700000
ALM-10021,2026-05-09,Alatau,3,71.3,9,12,1988,panel,2.69,30090000
ALM-10434,2026-01-17,Turksib,4,119.5,17,20,2018,monolith,2.94,73800000
ALM-10062,2026-08-07,Almaly,2,62.2,2,5,1967,panel,,50360000
ALM-10658,2026-05-20,Bostandyk,4,125.7,1,9,1966,panel,,104940000
ALM-10372,2026-01-04,Bostandyk,3,78.2,9,9,1981,panel,2.55,61070000
ALM-10631,2026-08-11,Bostandyk,3,74.7,6,9,,monolith,2.78,78000000
ALM-10894,2026-06-19,Alatau,3,59.7,4,4,1998,brick,3.18,29280000
ALM-10471,2026-03-28,Bostandyk,2,55.8,4,4,1982,brick,3.18,45840000
ALM-10354,2026-03-24,turksib,1,40.5,6,16,,monolith,2.75,26060000
ALM-10573,2026-03-27,Auezov,3,73.9,5,9,2011,monolith,2.97,58940000
ALM-10445,2026-08-02,Turksib,1,37.1,3,4,2001,brick,0,22 470 000 ₸
ALM-10956,2026-05-09,Zhetysu,3,78.8,3,4,1958,brick,2.8,45650000
ALM-10525,2026-01-25,Turksib,2,63.5,4,5,1958,brick,2.95,34710000
ALM-10572,2026-02-08,Auezov,1,43.3,4,5,1987,panel,2.62,23060000
ALM-10287,2026-05-28,Auezov,2,56.6,1,12,1969,panel,2.52,31920000
ALM-10675,2026-05-23,almaly,3,69.8,2,5,1974,panel,,53500000
ALM-10345,2026-08-10,Alatau,4,110.1,6,20,2014,monolith,2.83,56300000
ALM-10734,2026-05-16,Almaly,3,83.0,8,9,1986,panel,2.59,80870000
ALM-10907,2026-07-23,Alatau,2,63.3,2,9,2012,monolith,2.84,34500000
ALM-10334,2026-06-18,Alatau,2,51.5,14,20,2005,monolith,2.84,25630000
ALM-10359,2026-03-10,Zhetysu,1,44.8,14,16,2020,monolith,2.77,31820000
ALM-10114,2026-08-31,Medeu,2,58.0,8,9,2005,monolith,2.85,61730000
ALM-10936,2026-08-02,Zhetysu,2,50.8,3,5,1977,panel,2.69,29500000
ALM-10037,2026-01-20,Medeu,2,"49,8",3,5,1979,panel,2.62,55580000
ALM-11120,2026-05-18,Auezov,studio,33.7,3,3,1978,brick,2.85,21710000
ALM-10923,2026-03-03,Nauryzbay,2,58.7,10,12,1966,panel,,24680000
ALM-10962,2026-01-14,medeu,3,77.0,11,20,2012,monolith,2.96,"94,030,000"
ALM-11058,2026-02-16,Auezov,2,50.4,1,9,1969,panel,2.51,23870000
ALM-10575,2026-04-16,Turksib,2,46.0,10,20,2022,monolith,2.93,33390000
ALM-10103,2026-03-24,Zhetysu,3,70.3,20,25,2021,monolith,2.75,55370000
ALM-10544,2026-04-07,Almaly,2,57.0,4,4,1982,brick,3.08,"46,990,000"
ALM-11036,2026-05-08,Almalinskiy,1,36.7,19,20,2009,monolith,2.96,37980000
ALM-10418,2026-06-06,Alatau,1,38.6,17,25,2023,monolith,2.73,20280000
ALM-10906,2026-01-20,Turksib,2,55.5,22,25,2018,monolith,2.92,35880000
ALM-10692,2026-04-28,Auezovskiy,2,72.2,5,9,2005,monolith,2.75,52800000
ALM-10914,2026-06-10,Bostandyk,3,80.8,2,9,1982,panel,,67990000
ALM-10280,2026-01-25,TURKSIB,3,69.0,2,5,,brick,0,42420000
ALM-10746,2026-06-14,Medeu,2,50.3,11,12,1973,panel,2.51,53780000
ALM-10777,2026-04-21,Auezov,4,"99,6",10,20,2020,monolith,2.95,69570000
ALM-10454,2026-04-29,Auezov,2,54.0,8,9,1964,panel,,33660000
ALM-10702,2026-01-30,Nauryzbay,4,105.9,9,9,1990,panel,2.67,47130000
ALM-10650,2026-03-19,Turksib,1,34.4,5,5,1988,panel,2.63,17020000
ALM-10672,2026-08-04,Nauryzbay,3,86.9 m²,10,25,2011,monolith,2.75,44930000
ALM-11071,2026-05-13,Nauryzbay,3,64.4,3,5,1950,brick,2.81,29210000
ALM-11094,2026-01-31,Auezov,4,93.1,1,12,1989,panel,2.66,49560000
ALM-10240,2026-07-12,Turksib,2,44.2,7,16,2016,monolith,2.71,25680000
ALM-10782,2026-06-09,Medeu,2,46.2,1,9,2024,monolith,2.88,52630000
ALM-10539,2026-03-01,Medeu,1,28.5,5,5,1970,panel,2.62,24220000
ALM-10780,2026-04-11,Zhetysu,1,"34,2",1,9,1992,brick,3.05,19020000
ALM-11136,2026-07-06,Bostandyk,2,61.2,3,12,1979,panel,,55200000
ALM-10422,2026-01-30,Turksib,2,54.5 m²,25,25,2008,monolith,2.8,32330000
ALM-10147,2026-06-09,Bostandyk,2,59.8,4,5,1968,panel,2.5,52360000
ALM-10020,2026-05-06,bostandyk,1,39.3,2,20,2007,monolith,2.94,39420000
ALM-10430,2026-02-18,Bostandyk,3,88.0,4,4,1976,brick,3.01,86 940 000 ₸
ALM-10005,2026-01-01,Medeu,1,39.9,1,12,2006,monolith,2.72,40720000
ALM-10639,2026-03-02,Zhetysu,1,47.9,20,25,2005,monolith,2.96,35290000
ALM-10986,2026-08-21,Turksib,2,48.1,4,25,2020,monolith,2.73,25000000
ALM-10044,2026-03-13,Medeu,1,40.4,30,25,2022,monolith,2.79,52430000
ALM-10082,2026-05-19,Bostandyk,1,41.2,6,9,2007,monolith,2.71,45890000
ALM-10105,2026-03-15,Bostandyk,2,61.9,11,12,2013,monolith,2.98,73030000
ALM-10172,2026-07-07,Bostandyk,2,55.8,2,5,1992,panel,2.65,49820000
ALM-10154,2026-08-14, Bostandyk ,2,60.8,9,12,2011,monolith,2.99,59 160 000 ₸
ALM-10781,2026-08-25,Almaly,2,56.8,7,12,1991,panel,2.67,46800000
ALM-10563,2026-05-24,Bostandyk,3,81.4,8,12,2010,monolith,2.99,89840000
ALM-10961,2026-07-15,Medeu,3,70.5,2,5,1996,brick,2.93,81 730 000 ₸
ALM-11165,2026-07-10,Auezov,3,68.2,7,12,1979,panel,2.6,42300000
ALM-10373,2026-04-13,Almaly,1,36.4,3,5,1978,panel,2.51,28020000
ALM-10014,2026-03-22,Medeu,1,41.0,18,20,2016,monolith,0,49000000
ALM-10218,2026-03-05,Almaly,1,"43,6",3,3,1972,brick,2.8,37650000
ALM-11185,2026-01-19,Bostandyk,studio,32.1,4,4,1961,brick,3.05,32280000
ALM-10261,2026-06-20,Alatau,2,68.5,22,25,2024,monolith,2.75,34550000
ALM-10256,2026-07-06,Bostandyk,1,29.7,9,9,2009,monolith,,29370000
ALM-10590,2026-05-05,Nauryzbay,2,50.4,6,12,1980,panel,,21260000
ALM-10406,2026-01-25,Bostandyk,studio,27.5,10,25,2015,monolith,2.85,32770000
ALM-10628,2026-06-04,Medeu,3,82.3,6,5,1964,brick,3.13,87600000
ALM-10444,2026-04-13,Alatau,2,"56,3",2,9,1986,panel,2.68,24770000
ALM-10713,2026-07-04,Bostandyk,5,156.6,9,9,2012,monolith,2.9,171610000
ALM-10263,2026-06-08,Turksibskiy,2,60.5,9,9,2021,monolith,2.73,36110000
ALM-10459,2026-02-13,Medeu,2,53.3,1,5,1987,panel,,40200000
ALM-11025,2026-08-28,Nauryzbay,3,86.2,9,12,2005,monolith,2.85,45220000
ALM-10596,2026-06-29,Zhetysu,3,78.6 m²,4,4,1956,brick,2.98,40890000
ALM-10451,2026-02-27,Auezov,1,41.8 m²,3,5,1990,panel,,25310000
ALM-10330,2026-04-17, Turksib ,3,86.3,7,9,1974,panel,,36610000
ALM-10873,2026-05-20,Turksib,4,"95,8",5,5,1991,panel,2.62,43540000
ALM-10146,2026-04-15,Almaly,1,36.7,1,3,1978,brick,2.82,31850000
ALM-10861,2026-02-23,Bostandyk,3,91.0,1,9,2012,monolith,2.85,"92,180,000"
ALM-10234,2026-06-15,Zhetysu,3,81.6,6,20,2016,monolith,2.77,58 000 000 ₸
ALM-10495,2026-03-23,Медеуский,1,34.8,7,9,1981,panel,2.62,26720000
ALM-10784,2026-08-23,Auezov,3,97.4,3,16,2021,monolith,2.98,77850000
ALM-10804,2026-06-28,Alatau,3,77.2,2,5,1980,panel,2.51,35100000
ALM-10336,2026-02-16,Almaly,2,47.0,20,20,2013,monolith,,51110000
ALM-10094,2026-07-05,auezov,1,40.8,5,5,1976,brick,0,23060000
ALM-10227,2026-07-04,Turksib,2,49.5,6,9,1963,panel,2.57,22810000
ALM-10173,2026-05-15,Turksib,1,43.2,8,9,1991,panel,2.67,21580000
ALM-11059,2026-05-28, Bostandyk ,4,88.9,3,12,0,panel,2.69,75710000
ALM-10079,2026-01-28,Bostandyk,3,86.6,1,4,1960,brick,2.89,77810000
ALM-11141,2026-05-30,Turksib,3,78.3,3,3,1960,brick,3.09,37900000
ALM-10401,2026-06-01,Medeu,4,103.3,7,9,1973,panel,2.59,114210000
ALM-10895,2026-07-09,Turksib,1,42.4,2,5,1966,panel,2.52,20220000
ALM-10440,2026-07-30,Auezov,3,879.0,1,12,1976,panel,,48370000
ALM-10865,2026-03-08,Zhetysu,2,53.5,6,9,1968,panel,2.58,24860000
ALM-10509,2026-02-10,Bostandyk,2,54.6,20,20,2017,monolith,2.82,60670000
ALM-10144,2026-04-11,Nauryzbay,1,35.4,4,25,2024,monolith,2.71,17910000
ALM-10552,2026-06-21,Alatau,1,34.4,11,12,,monolith,2.76,17420000
ALM-10472,2026-05-17,Almaly,2,"58,6",4,5,1972,panel,,47990000
ALM-10871,2026-07-05,Zhetysu,1,38.4,4,5,1994,brick,2.73,24460000
ALM-10757,2026-05-16,Almaly,1,42.0,9,16,2010,monolith,2.88,45540000
ALM-10570,2026-05-16,Nauryzbay,1,41.7,6,9,1976,panel,2.69,17920000
ALM-10533,2026-08-06,Zhetysu,1,38.0,3,3,1968,brick,2.87,22360000
ALM-10047,2026-04-18,Bostandyk,2,59.5,9,9,1989,panel,,43540000
ALM-10529,2026-07-16,Auezov,4,123.1,3,9,,monolith,2.86,87540000
ALM-10343,2026-01-15,Nauryzbay,2,58.9,3,16,,monolith,2.76,25510000
ALM-10273,2026-07-04,Medeu,2,65.7,2,9,2022,monolith,2.84,74820000
ALM-10804,2026-08-15,Alatau,3,77.2,2,5,1980,panel,2.51,33800000
ALM-10521,2026-05-29,Bostandyk,studio,25.3,1,3,1981,brick,2.88,25790000
ALM-10265,2026-07-09,Almaly,2,59.3,9,9,1976,panel,2.64,48780000
ALM-10875,2026-04-26, Almaly ,studio,31.8,12,25,2008,monolith,2.94,33060000
ALM-10654,2026-03-23,TURKSIB,1,43.6,1,3,1982,brick,2.96,20740000
ALM-10791,2026-01-16,Nauryzbay,3,83.8,-1,5,1983,brick,3.16,40170000
ALM-11048,2026-01-15,Turksib,2,49.9,4,9,1989,panel,2.56,24430000
ALM-10703,2026-01-11,Alatau,2,51.5,3,25,2007,monolith,2.94,28690000
ALM-10941,2026-02-22,Bostandyk,1,35.0,1,3,2002,brick,,"31,720,000"
ALM-10274,2026-08-29,Turksib,5,120.6,5,16,2005,monolith,2.8,67680000
ALM-10362,2026-04-02,Turksib,2,64.5,1,20,2015,monolith,2.82,32780000
ALM-11176,2026-06-16,auezov,2,56.3,5,5,,panel,2.51,"30,730,000"
ALM-10122,2026-08-02,Almaly,2,52.9,7,9,1970,panel,2.61,44 880 000 ₸
ALM-11029,2026-07-23,Alatau,1,44.7,5,5,1963,panel,2.59,"20,240,000"
ALM-10397,2026-06-19,Medeu,2,52.2,19,20,2019,monolith,2.89,58200000
ALM-11063,2026-06-15,Zhetysu,1,31.2,12,16,2018,monolith,2.73,20110000
ALM-10879,2026-07-11,Turksib,3,77.5,1,9,2015,monolith,2.79,"48,480,000"
ALM-10799,2026-05-28,Auezov,1,35.3,1,4,1969,brick,3.05,22640000
ALM-10254,2026-05-27,Zhetysu,2,55.7,19,25,2015,monolith,2.84,40460000
ALM-10634,2026-07-08,Zhetysu,3,"68,9",8,9,1971,panel,2.63,44260000
ALM-11065,2026-06-24,Bostandyk,3,86.5,12,12,1992,panel,2.58,71510000
ALM-10595,2026-06-29,Alatau,1,38.6,4,5,1979,panel,2.64,16830000
ALM-10695,2026-08-14,Medeu,3,80.5,14,12,1972,panel,,70940000
ALM-10765,2026-07-25,Alatau,2,47.7,17,25,2015,monolith,2.88,29840000
ALM-11002,2026-07-25,Bostandyk,1,42.0,5,5,1997,brick,3.01,38970000
ALM-10496,2026-04-20,turksib,3,"79,0",5,12,1987,panel,,36810000
ALM-11078,2026-05-15,Nauryzbayskiy,2,59.0,3,5,1967,panel,,25050000
ALM-10932,2026-04-06,Zhetysu,1,38.9,3,9,1971,panel,2.5,24020000
ALM-10704,2026-03-04,Auezov,2,61.3,6,9,1979,panel,2.66,38710000
ALM-10382,2026-03-14,Zhetysu,2,61.1,3,9,1980,panel,2.6,36730000
ALM-10065,2026-06-26,Almaly,2,52.6,22,25,0,monolith,2.84,55190000
ALM-11150,2026-02-05,Zhetysu,3,72.4,2,3,1977,brick,3.09,50990000
ALM-10743,2026-03-20,Bostandyk,3,82.2,1,5,1978,panel,2.55,69380000
ALM-10664,2026-08-31,Medeu,2,46.9,9,9,1953,brick,2.91,49090000
ALM-10768,2026-06-27,Auezov,2,62.7,4,5,1979,brick,3.0,41820000
ALM-10221,2026-03-30,Alatau,3,77.3,3,9,1979,panel,2.67,32640000
ALM-10190,2026-01-09,Nauryzbayskiy,2,51.1,8,9,1984,brick,2.99,25550000
ALM-10231,2026-08-21,Medeu,3,90.9,1,4,1968,brick,2.72,80060000
ALM-10851,2026-01-29,Nauryzbay,2,58.6,13,12,1988,panel,,25280000
ALM-10967,2026-06-22,Nauryzbay,4,76.8,1,20,2009,monolith,2.78,32090000
ALM-11015,2026-06-09,Turksib,3,74.4,5,5,1973,panel,2.52,36650000
ALM-10979,2026-04-19,Medeu,2,55.5,4,4,2004,brick,,54400000
ALM-10589,2026-03-19,Zhetysu,1,38.7,5,12,2020,monolith,2.91,25840000
ALM-10396,2026-03-19,Zhetysu,2,55.2,11,12,1969,panel,,31640000
ALM-10488,2026-04-25,Turksib,1,31.8,3,3,1975,brick,3.16,"16,950,000"
ALM-10167,2026-01-26,Turksib,2,69.2,4,12,,panel,,32190000
ALM-10302,2026-03-13,Bostandyk,2,51.7,2,3,1973,brick,,53760000
ALM-10921,2026-04-22,zhetysu,3,668.0,5,5,1962,brick,2.7,38560000
ALM-10741,2026-04-22, Auezov ,4,102.6 m²,-1,16,2015,monolith,2.98,73860000
ALM-11096,2026-02-10,Nauryzbay,1,36.7,5,9,2014,monolith,2.91,20400000
ALM-10001,2026-03-06,Zhetysu,3,69.8,9,9,1975,panel,2.56,34170000
ALM-10825,2026-01-24,Nauryzbay,1,30.9,4,9,2023,monolith,2.89,15730000
ALM-10409,2026-01-01,Auezov,2,67.9,6,9,2018,monolith,2.99,49940000
ALM-10332,2026-03-12,Medeu,2,57.0,8,9,1963,brick,3.06,68130000
ALM-10250,2026-07-26,MEDEU,1,38.4,1,9,2013,monolith,2.99,46930000
ALM-10224,2026-08-26,Almaly,4,98.2,1,4,1996,brick,3.05,93640000
ALM-10694,2026-03-08,Turksibskiy,2,57.5,4,12,2007,monolith,2.87,"32,790,000"
ALM-10127,2026-06-14,Zhetysu,3,86.7,3,12,1980,panel,2.61,41900000
ALM-10803,2026-01-03,Medeu,3,85.9,9,9,2019,monolith,2.99,112360000
ALM-11013,2026-04-03,Bostandyk,1,36.0,8,9,1977,panel,,40700000
ALM-10502,2026-03-03,Bostandyk,1,34.0,3,3,0,brick,2.74,31770000
ALM-11168,2026-03-23,Medeu,1,41.9,7,9,2015,monolith,2.77,40180000
ALM-10823,2026-06-18,Турксибский,2,35.6,6,9,0,brick,2.92,20360000
ALM-10866,2026-04-24,Auezov,2,56.5,20,20,2015,monolith,2.72,36800000
ALM-10667,2026-04-22,Алатауский,2,45.7,5,9,2024,monolith,2.71,28090000
ALM-10965,2026-06-13,Alatau,3,84.5,8,9,1964,panel,2.65,37940000
ALM-10619,2026-05-24,Auezov,2,50.5,9,12,1968,panel,2.63,28310000
ALM-10822,2026-05-27,Almaly,3,91.7,5,20,2017,monolith,2.84,104060000
ALM-10885,2026-02-01,Almaly,4,111.0,9,25,2023,monolith,2.83,118740000
ALM-10481,2026-06-03,Alatau,1,33.8,11,12,1989,panel,2.57,"15,690,000"
ALM-10564,2026-02-09,Bostandyk,2,55.5,3,20,2015,monolith,2.84,66520000
ALM-11144,2026-08-04,Medeu,2,56.2,6,20,2016,monolith,2.96,65 250 000 ₸
ALM-10337,2026-03-16,Medeu,2,57.6,9,9,2019,monolith,2.95,62570000
ALM-10883,2026-03-10,Bostandyk,2,63.4 m²,2,4,1983,brick,3.03,61130000
ALM-10579,2026-05-31,Turksib,2,44.9,9,16,2021,monolith,2.71,29670000
ALM-10333,2026-03-26,Zhetysu,4,85.7,2,3,1981,brick,2.77,57080000
ALM-10618,2026-05-26,Zhetysu,3,82.0,11,12,2019,monolith,,55520000
ALM-10255,2026-04-14,Zhetysu,2,55.5 m²,5,9,2014,monolith,2.76,41500000
ALM-10646,2026-07-05,Alatau,3,83.3,10,16,2020,monolith,2.98,48430000
ALM-10220,2026-05-28,Auezov,4,103.6,8,12,1979,panel,2.54,67380000
ALM-10118,2026-03-14,Zhetysu,1,37.4,8,9,1982,panel,2.57,20740000
ALM-10978,2026-06-22,Турксибский,2,59.0,3,12,,panel,2.61,27340000
ALM-10494,2026-08-05,Almaly,3,86.7,2,5,1962,brick,3.11,87480000
ALM-11116,2026-07-14,Almaly,3,76.8,1,5,1986,panel,2.57,52470000
ALM-10137,2026-05-08,Almaly,2,44.8,12,12,2006,monolith,2.72,37590000
ALM-11126,2026-08-10,Alatau,2,53.6,1,5,1962,brick,2.77,22760000
ALM-10531,2026-06-05,Bostandykskiy,1,39.0,3,4,2003,brick,2.99,43 640 000 ₸
ALM-10505,2026-04-21,Zhetysu,3,75.2,2,5,1978,panel,2.6,"49,960,000"
ALM-11047,2026-04-21,almaly,1,37.2,10,20,,monolith,2.82,40200000
ALM-10578,2026-03-08,Zhetysu,3,74.0,6,12,1965,panel,2.55,40160000
ALM-10329,2026-05-13,Alatau,2,46.8,4,4,1951,brick,2.8,19530000
ALM-10515,2026-06-13,Turksib,4,93.0,2,9,1984,brick,2.81,57010000
ALM-10778,2026-03-31,Bostandyk,4,96.3,6,9,1994,brick,2.77,85410000
ALM-10891,2026-02-25,Turksib,1,34.3,2,4,,brick,2.79,17760000
ALM-10499,2026-03-25,Alatau,2,58.0,1,3,1953,brick,3.19,28590000
ALM-10253,2026-07-14,Auezov,2,67.2,2,3,2000,brick,3.12,47850000
ALM-10321,2026-06-16,Zhetysu,4,106.9,10,5,1968,panel,2.64,70980000
ALM-10987,2026-01-17,Bostandyk,3,100.9,2,5,1953,brick,2.72,96760000
ALM-10592,2026-04-28,Zhetysu,4,102.4,9,9,1981,panel,2.52,59010000
ALM-10222,2026-08-20,Наурызбайский,1,36.1,4,5,1966,panel,2.67,13920000
ALM-11171,2026-02-01,Auezov,4,"107,4",1,5,1982,panel,2.61,57370000
ALM-10720,2026-02-17,Turksib,3,80.3,5,5,1992,panel,2.53,36510000
ALM-10071,2026-07-28,ZHETYSU,3,74.2,9,9,2024,monolith,3.0,49820000
ALM-11099,2026-07-31,Alatau,4,95.3,2,5,1981,panel,,42410000
ALM-10028,2026-08-21,Almaly,3,70.7,7,9,1976,panel,2.62,57280000
ALM-10188,2026-02-07,Turksib,1,36.1,10,12,1981,panel,2.59,13930000
ALM-10431,2026-07-17,Auezov,4,110.2,7,12,1990,panel,,69490000
ALM-10857,2026-07-13,Alatau,3,83.7,1,5,1989,panel,,33610000
ALM-10301,2026-07-01,Almalinskiy,2,48.6,20,20,2024,monolith,2.79,50310000
ALM-11156,2026-05-29,Alatau,2,49.2,3,5,2001,brick,2.89,21020000
ALM-10353,2026-04-06,Almaly,3,86.1,12,12,1972,panel,2.57,63220000
ALM-10607,2026-03-24,Nauryzbay,1,36.7,10,20,2014,monolith,2.77,17520000
ALM-10106,2026-04-30,Almaly,2,55.7,4,5,1963,brick,3.13,58840000
ALM-10674,2026-08-16,Alatau,2,54.1,9,12,2014,monolith,2.85,29630000
ALM-11125,2026-07-30,ALATAU,3,90.5,3,3,1988,brick,2.95,38290000
ALM-10957,2026-02-24,Medeu,2,54.8,8,20,2023,monolith,2.84,67060000
ALM-10928,2026-07-07,Bostandyk,1,42.4,6,9,1984,panel,,40 370 000 ₸
ALM-10320,2026-08-01,AUEZOV,4,101.2,1,5,1989,panel,2.53,52030000
ALM-10567,2026-03-23,Bostandyk,4,135.8,5,12,1974,panel,2.57,119960000
ALM-10469,2026-08-02,Turksib,1,38.3,6,9,1968,brick,2.86,21840000
ALM-10262,2026-03-12,Zhetysuskiy,1,44.8 m²,19,20,,monolith,2.83,31060000
ALM-10811,2025-12-20,Nauryzbay,2,62.1,6,9,1967,panel,2.53,26190000
ALM-10311,2026-08-02,Zhetysu,studio,30.1,6,9,1980,panel,2.65,17510000
ALM-10233,2026-07-07,Alatau,2,59.3,3,9,2000,brick,2.89,25280000
ALM-11019,2026-04-21,Almaly,2,"56,6",3,3,1955,brick,0,47960000
ALM-10582,2026-04-13,Zhetysu,2,63.9,21,25,2023,monolith,2.85,47310000
ALM-10152,2026-02-03,Medeu,1,41.0,8,12,,panel,2.52,34700000
ALM-10003,2026-05-29,Auezov,2,48.6,2,5,1978,panel,2.55,26120000
ALM-10161,2026-01-09,Nauryzbay,3,81.7,3,3,1974,brick,3.04,39000000
ALM-10836,2026-05-16,Nauryzbay,1,35.0,5,9,1969,panel,2.62,14350000
ALM-10045,2026-05-06,Turksib,2,55.7,13,20,2014,monolith,2.79,"27,260,000"
ALM-10348,2026-01-14,Alatau,2,61.3,4,5,1974,brick,3.15,34470000
ALM-10507,2026-08-05, Turksib ,3,75.5,3,9,1976,brick,2.96,50200000
ALM-10566,2026-01-18,Bostandyk,2,"69,2",4,5,2000,brick,2.94,70120000
ALM-10935,2026-02-27,Auezov,2,54.7,7,12,2010,monolith,2.85,41240000
ALM-10107,2026-02-11,Zhetysu,3,72.6,9,9,1977,panel,,36480000
ALM-10846,2026-08-16,Zhetysu,2,56.8,3,4,,brick,2.8,39730000
ALM-10466,2026-07-02,Medeu,3,90.9,3,9,1982,panel,2.64,88400000
ALM-10627,2026-05-23,MEDEU,3,70.6,1,9,1990,panel,,73830000
ALM-10375,2026-08-11,Medeu,2,46.6,1,9,1974,panel,2.6,47570000
ALM-10576,2026-07-09,Turksib,3,78.1,5,5,1987,panel,,37970000
ALM-10029,2026-01-03, Auezov ,3,79.7,12,12,2018,monolith,2.88,61280000
ALM-10945,2026-06-02,Bostandyk,2,57.2,8,9,1980,panel,2.53,51830000
ALM-11193,2026-02-12,Auezov,2,55.7,6,12,1981,panel,2.51,31900000
ALM-10856,2026-02-23,Medeu,1,39.4,7,12,1975,panel,2.7,42430000
ALM-10088,2026-08-27,Bostandyk,4,"122,5",1,9,1964,panel,2.55,104610000
ALM-10448,2026-03-06,Bostandyk,3,92.7,10,12,1976,panel,2.69,82160000
ALM-10934,2026-01-05,Nauryzbay,3,69.9,3,12,1988,panel,2.57,31370000
ALM-11040,2026-03-13,Nauryzbay,2,65.5,7,12,,panel,2.69,31240000
ALM-10853,2026-04-15,Auezov,1,36.7,5,5,,brick,2.93,22260000
ALM-10889,2026-05-27, Bostandyk ,2,45.0,3,9,2013,monolith,2.94,46030000
ALM-10785,2026-02-01,Almaly,2,49.9 m²,16,20,2024,monolith,2.93,52330000
ALM-10911,2026-08-20,Medeu,1,29.1,6,9,2005,brick,2.91,30360000
ALM-10951,2026-08-01,Alatau,2,56.7,6,9,1975,panel,2.66,27460000
ALM-10591,2026-07-01,Almaly,2,49.9,4,9,1969,panel,2.56,39750000
ALM-10593,2026-06-28,Alatau,2,60.5,23,25,2016,monolith,2.87,33620000
ALM-11020,2026-05-13,Nauryzbay,3,80.4,1,3,1959,brick,,39230000
ALM-10180,2026-02-10,Turksib,1,32.7,3,5,1988,brick,2.92,17070000
ALM-10217,2026-01-01, Almaly ,3,77.4,9,12,1964,panel,2.68,63800000
ALM-11101,2026-05-27,Medeu,3,84.0,4,5,1986,panel,2.56,75680000
ALM-10518,2025-12-28,bostandyk,studio,32.4,11,12,1977,panel,2.65,31100000
ALM-11076,2026-05-12,Bostandyk,2,51.3,11,12,1965,panel,2.59,44510000
ALM-10696,2026-07-01,Almaly,3,90.1,3,3,2003,brick,3.1,89590000
ALM-10359,2026-01-22,Zhetysu,1,44.8,14,16,2020,monolith,2.77,33940000
ALM-10652,2026-05-30,Nauryzbayskiy,2,51.9,3,3,1962,brick,3.1,22320000
ALM-10729,2026-01-03,Alatau,2,62.5,15,12,1976,panel,2.67,30130000
ALM-10197,2026-06-03,Zhetysu,3,76.0,14,25,2013,monolith,3.0,57810000
ALM-10129,2026-05-06,Turksib,2,56.5,25,25,2021,monolith,2.91,32080000
ALM-10749,2026-03-02,Zhetysu,4,101.2,14,25,2019,monolith,2.93,63110000
ALM-10638,2026-03-11,Медеуский,1,44.6,3,3,1981,brick,2.79,40250000
ALM-10209,2026-07-16,Auezov,2,51.8,2,16,2008,monolith,2.77,36630000
ALM-10751,2026-07-06,Turksib,3,79.2,3,20,2020,monolith,2.89,47 540 000 ₸
ALM-10438,2026-03-03,Medeu,4,96.7,4,4,1978,brick,3.1,124040000
ALM-10335,2026-02-06,Turksib,2,"45,3",8,12,1963,panel,2.55,22610000
ALM-10540,2026-01-21,Almaly,1,32.3,9,20,2009,monolith,2.91,32600000
ALM-10055,2026-03-14,Zhetysu,1,46.8,9,9,1957,brick,2.81,27140000
ALM-11091,2026-05-20,Almaly,2,54.7,2,3,1998,brick,3.02,55150000
ALM-10645,2026-04-19,Turksib,2,48.6,5,9,1980,brick,,23070000
ALM-11139,2026-06-12,Medeu,2,58.9 m²,4,4,1982,brick,,66820000
ALM-10015,2026-07-28, Alatau ,2,57.2,8,9,1985,panel,2.56,"25,000,000"
ALM-10680,2026-06-13,Almaly,2,46.7,5,5,1974,panel,,35990000
ALM-10818,2026-07-08,Bostandykskiy,1,34.3 m²,12,12,1970,panel,2.57,25480000
ALM-10558,2026-03-08,bostandyk,1,35.6,5,5,1974,panel,2.54,30140000
ALM-10008,2026-07-05,ALMALY,4,96.9,3,9,1989,panel,,75690000
ALM-10123,2026-07-20,Medeu,2,56.7,-1,3,2003,brick,2.8,58290000
ALM-11087,2026-03-18,Bostandyk,2,43.6,5,5,1955,brick,3.17,"38,350,000"
ALM-10174,2026-03-09,Bostandyk,3,79.6,4,9,,panel,2.55,66790000
ALM-10677,2026-06-10,Almaly,4,90.8,4,5,1984,panel,2.63,78510000
ALM-10663,2026-08-11,Medeu,1,35.7,2,3,,brick,2.75,37860000
ALM-11050,2026-08-11, Nauryzbay ,3,90.7,6,20,2010,monolith,2.71,48870000
ALM-10199,2026-02-16,Almaly,2,72.4,2,12,1984,panel,2.63,49740000
ALM-10415,2026-04-18,AUEZOV,1,42.8,1,9,1987,panel,2.51,21530000
ALM-10798,2026-07-17,Zhetysu,3,77.4,4,16,2020,monolith,2.92,"50,870,000"
ALM-10344,2026-07-26,Zhetysu,1,39.8,5,5,1967,panel,2.53,21420000
ALM-10491,2026-02-10,Nauryzbay,3,77.4,1,25,2019,monolith,2.75,37960000
ALM-10699,2026-03-30,Auezov,3,78.4,3,4,1987,brick,2.91,59510000
ALM-10860,2026-04-11,Turksib,2,54.3 m²,6,9,1978,panel,,25260000
ALM-11024,2026-05-04,Nauryzbay,1,35.8,11,20,2024,monolith,2.87,18770000
ALM-10142,2026-01-20,Almaly,1,38.7,1,5,1978,panel,2.61,31680000
ALM-10633,2026-07-03,BOSTANDYK,1,31.7,1,9,1976,panel,2.52,25170000
ALM-10849,2026-03-24,Bostandyk,1,34.3,5,5,1986,brick,2.85,33720000
ALM-10611,2026-08-24,Zhetysu,1,36.3,5,25,2006,monolith,2.78,24120000
ALM-10727,2026-02-22,Turksib,3,70.2,2,12,2021,monolith,2.81,33710000
ALM-10676,2026-06-06,Turksib,2,51.5,-1,5,1968,panel,2.66,25020000
ALM-10022,2026-03-21,Alatau,3,75.6,9,20,2023,monolith,3.0,49100000
ALM-10306,2026-06-08,Nauryzbay,3,68.0,5,5,,panel,2.7,27660000
ALM-10486,2026-05-31,Alatau,2,53.7,10,12,1991,panel,,"26,800,000"
ALM-10271,2026-02-11,TURKSIB,3,79.1,3,9,2018,monolith,2.74,46770000
ALM-10326,2026-04-28,Bostandyk,2,67.7,4,5,1964,brick,2.7,72110000
ALM-11175,2026-08-24,Nauryzbay,2,48.3,25,25,2016,monolith,2.92,24480000
ALM-10958,2026-08-22,Turksib,3,"75,3",-1,5,1974,panel,2.67,42320000
ALM-10225,2026-01-15,Nauryzbay,2,50.1,7,9,1970,brick,3.02,24600000
ALM-10905,2026-04-09,Medeu,4,"109,0",8,12,1981,panel,2.52,89490000
ALM-10910,2026-01-01,Zhetysuskiy,3,736.0,3,20,,monolith,2.81,54050000
ALM-10748,2026-06-25,Nauryzbay,5,"150,8",2,9,1964,panel,2.51,58020000
ALM-10609,2026-07-19,Alatau,1,38.4,5,9,1976,panel,2.58,16480000
ALM-10125,2026-06-22,Nauryzbay,1,40.7,11,12,1971,panel,2.61,16870000
ALM-10226,2026-04-20,Nauryzbay,3,80.1,6,9,2024,monolith,2.83,42040000
ALM-10042,2026-05-22,Turksib,3,72.6,9,9,1978,panel,2.54,28740000
ALM-10371,2026-02-12, Auezov ,3,78.1,4,5,1968,panel,,50840000
ALM-10909,2026-06-18,Alatau,2,565.0,7,16,2023,monolith,2.93,32610000
ALM-10648,2026-01-11,Nauryzbay,4,112.3,18,25,2021,monolith,2.98,"62,870,000"
ALM-10719,2026-03-31,Наурызбайский,3,87.6,8,16,2008,monolith,2.78,42480000
ALM-11135,2026-08-20,Auezov,4,112.1,6,12,2018,monolith,2.95,81460000
ALM-10770,2026-03-13,Bostandyk,1,40.0,18,20,2022,monolith,2.89,48270000
ALM-10536,2026-07-12,Zhetysuskiy,studio,30.8,9,9,1983,panel,2.58,16140000
ALM-10328,2026-01-31,Almaly,4,112.0 m²,12,16,2006,monolith,2.81,125100000
ALM-10337,2026-03-16,Medeu,2,57.6,9,9,2019,monolith,2.95,62570000
ALM-10831,2026-05-28, Zhetysu ,2,62.9,1,9,1987,panel,2.66,32710000
ALM-10538,2026-01-29,Auezov,2,45.7,5,5,2002,brick,2.85,28140000
ALM-10556,2026-01-31,medeu,2,59.4,2,3,1997,brick,3.12,67920000
ALM-10884,2026-03-05,Medeu,3,88.3,1,5,1959,brick,2.84,106700000
ALM-10290,2026-08-24,Auezov,studio,33.4,3,3,1978,brick,3.18,20470000
ALM-10603,2026-07-25,Zhetysu,2,52.9,2,9,1981,panel,2.64,27080000
ALM-10984,2026-08-19,Zhetysu,5,136.9,2,3,0,brick,2.81,89770000
ALM-11027,2026-01-19,Alatau,2,60.2,1,3,1971,brick,3.14,36340000
ALM-10898,2026-08-30,Medeu,3,78.1,1,9,1970,panel,2.7,84310000
ALM-10462,2026-01-09,Bostandyk,2,68.3,15,16,2022,monolith,2.89,78790000
ALM-10511,2026-04-25,Nauryzbay,1,28.8,7,12,2024,monolith,2.79,17480000
ALM-10096,2026-08-01,Medeu,4,89.5,1,9,0,brick,2.95,87370000
ALM-10772,2026-03-02,Zhetysu,2,53.1,1,5,1990,panel,2.58,32740000
ALM-10577,2026-07-26,Auezov,3,80.8,12,20,2007,monolith,2.71,57400000
ALM-10378,2026-04-06, Auezov ,1,41.4,5,9,1973,panel,2.68,22290000
ALM-10961,2026-07-15,Medeu,3,70.5,2,5,1996,brick,2.93,81 730 000 ₸
ALM-10927,2026-06-06,Turksib,3,69.5,20,20,2016,monolith,2.87,37700000
ALM-11191,2026-04-30,Bostandyk,2,58.4,9,9,1973,panel,,46880000
ALM-10310,2026-02-10,Turksib,2,51.2,3,9,1989,panel,,22020000
ALM-10400,2026-08-27,Bostandyk,1,45.2,4,16,2020,monolith,2.87,52820000
ALM-10946,2026-01-14,Nauryzbayskiy,1,43.0,2,5,1980,panel,,19890000
ALM-10526,2026-07-11,Alatau,4,97.3,2,5,1970,panel,,43870000
ALM-10559,2026-03-03,Almaly,2,50.0,5,5,,panel,2.68,37510000
ALM-10384,2026-07-30,Alatau,2,64.0,3,12,1971,panel,2.55,29050000
ALM-10653,2026-05-03,almaly,3,76.3,12,12,2019,monolith,0,78740000
ALM-11198,2026-08-21,Medeu,2,58.5,1,3,1993,brick,,55 510 000 ₸
ALM-11110,2026-02-20,Almaly,1,"37,8",10,12,1969,panel,2.7,27640000
ALM-10665,2026-02-12,Бостандыкский,2,67.4,2,12,1985,panel,2.68,60270000
ALM-10985,2026-03-31,Nauryzbay,2,48.0,2,9,1975,panel,2.61,18340000
ALM-10519,2026-05-21,Turksib,2,46.1,2,5,1991,brick,3.02,23760000
ALM-10009,2025-12-03,Medeuskiy,1,33.4,2,9,1992,brick,3.19,42700000
ALM-11162,2026-01-19, Alatau ,2,73.0,5,12,2010,monolith,2.97,42980000
ALM-10013,2026-08-08,BOSTANDYK,3,94.4,5,12,1987,panel,2.54,68640000
ALM-10120,2026-04-02,Zhetysu,2,48.5 m²,5,9,1991,panel,,30130000
ALM-10237,2026-02-25,Бостандыкский,1,45.0,6,16,2023,monolith,2.78,46460000
ALM-10269,2026-03-09,Auezov,2,60.8,2,20,,monolith,2.98,44690000
ALM-10011,2026-02-15,Turksib,2,46.7,5,9,2019,monolith,2.87,30260000
ALM-10171,2026-01-15,Medeu,1,39.6,3,9,1964,brick,3.2,45690000
ALM-11081,2026-03-04,Medeu,5,115.3,9,9,2008,monolith,2.77,141880000
ALM-10128,2026-05-22,Zhetysu,4,118.2,1,5,1964,panel,2.59,71050000
ALM-10483,2026-07-18,Bostandyk,2,54.7,15,20,2005,monolith,2.93,68 840 000 ₸
ALM-10698,2026-05-22,BOSTANDYK,1,41.8,2,4,1994,brick,,42870000
ALM-10479,2026-03-05,Almaly,3,90.3,10,16,2007,monolith,2.74,100750000
ALM-10629,2026-03-28,Medeu,3,68.5,8,16,2011,monolith,2.96,86560000
ALM-10174,2026-03-09,Bostandyk,3,79.6,4,9,,panel,2.55,66790000
ALM-10166,2026-07-07,ZHETYSU,4,115.6,12,16,2010,monolith,2.94,78630000
ALM-10500,2026-03-24,Zhetysu,1,37.3,1,5,,panel,2.54,17210000
ALM-10208,2026-04-19,Наурызбайский,1,37.8,2,5,1989,panel,,17470000
ALM-10446,2026-06-17, Bostandyk ,3,74.1,5,12,1975,panel,2.64,57870000
ALM-10874,2026-02-17,Auezov,2,64.5,2,9,1964,brick,2.83,40970000
ALM-10132,2026-02-20,Nauryzbay,2,56.8,1,9,2021,monolith,2.93,27960000
ALM-10716,2026-04-18,Zhetysu,1,35.3,1,9,1990,panel,2.57,17680000
ALM-10840,2026-06-28,Zhetysu,1,36.4,1,3,1966,brick,2.93,24350000
ALM-10453,2026-07-02,turksib,1,39.9,7,12,2006,monolith,2.77,24680000
ALM-10932,2026-05-04,Zhetysu,1,38.9,3,9,1971,panel,2.5,22080000
ALM-11014,2026-08-25, Medeu ,1,33.7,3,5,1992,panel,2.64,30610000
ALM-10608,2026-05-11,Medeu,2,60.2,6,20,2009,monolith,2.81,67870000
ALM-10922,2026-03-28,Bostandyk,3,78.5,6,9,1984,panel,2.6,57380000
ALM-10058,2026-03-15,Bostandyk,2,555.0,4,12,2013,monolith,2.84,66270000
ALM-10690,2026-07-14,Bostandyk,studio,25.9,4,16,2008,monolith,0,28630000
ALM-10003,2026-05-04,Auezov,2,48.6,2,5,1978,panel,2.55,28320000
ALM-10640,2026-06-04,Zhetysu,3,79.7,7,9,2007,monolith,2.89,62990000
ALM-10048,2026-03-10,Zhetysu,2,59.5,9,25,2008,monolith,2.83,43240000
ALM-10221,2026-02-18,Alatau,3,77.3,3,9,1979,panel,2.67,35670000
ALM-10421,2026-05-10,Auezov,3,77.7,3,16,2005,monolith,2.9,56500000
ALM-10442,2026-04-26, Zhetysu ,3,70.5,2,9,2021,monolith,2.87,48140000
ALM-11143,2026-04-05,Auezov,1,33.0,12,12,1992,panel,2.58,20360000
ALM-10457,2026-02-16,Medeu,studio,27.9,3,12,1973,panel,2.55,30560000
ALM-10759,2026-01-30,Alatau,2,56.8,7,9,2012,monolith,2.98,29550000
ALM-11007,2026-04-18,Almaly,1,42.4,6,12,1975,panel,2.52,31370000
ALM-10617,2026-05-07,Наурызбайский,1,42.2 m²,4,4,1963,brick,2.83,20680000
ALM-10565,2026-01-01, Alatau ,2,65.9,9,12,1980,panel,,28410000
ALM-10134,2026-02-08,Medeu,2,60.0,5,5,1989,panel,2.53,45600000
ALM-10083,2026-04-27,NAURYZBAY,2,61.1,12,12,2020,monolith,2.79,28990000
ALM-10151,2026-02-04,Turksib,3,86.7,9,16,2019,monolith,2.74,50250000
ALM-10647,2026-07-08,Auezov,1,40.9,4,5,1980,panel,2.67,23530000
ALM-11112,2026-04-13,Turksib,2,34.3,9,9,1990,panel,,15310000
ALM-10947,2026-04-30,Zhetysu,3,77.2,6,9,1996,brick,2.94,"52,270,000"
ALM-10890,2026-05-01,Almaly,2,62.6,1,5,1965,panel,,48690000
ALM-10489,2026-01-19,Almaly,1,34.6,4,5,2004,brick,3.16,33030000
ALM-10327,2026-04-10,Auezov,1,42.2,10,12,2017,monolith,3.0,32550000
ALM-10084,2026-01-29,Zhetysu,3,73.0,12,12,1983,panel,,42730000
ALM-10236,2026-06-14,Медеуский,1,45.1,2,12,2018,monolith,2.81,55670000
ALM-10424,2026-05-13,medeu,2,53.5,4,5,,panel,2.53,54940000
ALM-10901,2026-04-17,Наурызбайский,3,85.1,2,5,1980,panel,2.55,38420000
ALM-10685,2026-04-04,Bostandyk,2,52.0,3,5,1973,brick,2.83,48860000
ALM-10276,2026-02-06,Turksib,2,604.0,15,16,2008,monolith,2.99,33630000
ALM-10277,2026-01-29,Bostandyk,2,49.2,9,12,1989,panel,2.64,41630000
ALM-10414,2026-03-15,Almaly,3,77.4,6,9,1963,panel,2.65,61 650 000 ₸
ALM-11069,2026-08-08,medeu,2,63.2,7,9,1964,panel,2.54,53370000
ALM-10097,2026-05-18,Auezov,2,60.9,4,9,1988,panel,2.66,39190000
ALM-10546,2026-05-04,Medeu,2,62.4,3,9,1991,panel,,"58,850,000"
ALM-10285,2026-01-21,Turksib,2,46.7,5,9,,panel,2.52,21780000
ALM-11042,2026-05-17,Almaly,2,59.2,8,12,1977,panel,2.68,45250000
ALM-10201,2026-03-14,Medeu,3,70.5,1,12,2023,monolith,2.92,77740000
ALM-10512,2026-07-10,Nauryzbay,1,34.2,16,16,2010,monolith,2.9,18370000
ALM-10498,2026-07-23,Turksib,2,47.6,3,16,2006,monolith,2.92,31120000
ALM-10117,2026-04-21,Turksib,2,58.5,7,9,1970,panel,2.68,32150000
ALM-10855,2026-05-18,Zhetysu,3,80.6,11,12,1986,panel,2.6,44130000
ALM-10826,2026-01-24,Alatau,2,67.3,7,9,0,brick,,37830000
ALM-10119,2026-01-01,medeu,2,50.5,5,5,1966,brick,2.93,52620000
ALM-10489,2026-01-19,Almaly,1,34.6,4,5,2004,brick,3.16,33030000
ALM-10475,2026-08-27,Zhetysu,2,59.8,3,3,1998,brick,2.8,35460000
ALM-10109,2026-06-07,Alatau,2,46.4,11,12,2023,monolith,2.97,25380000
ALM-10049,2026-05-16,Turksib,1,"35,0",10,12,1963,panel,2.67,14770000
ALM-10485,2026-07-05,Auezov,3,87.5,9,9,1985,panel,2.52,49940000
ALM-10393,2026-01-09,Nauryzbay,2,62.3,6,12,1975,panel,2.56,29470000
ALM-10230,2026-06-04,Almaly,3,92.6,6,9,1989,panel,2.66,72280000
ALM-10968,2026-05-26,Zhetysu,1,"38,9",7,12,1970,panel,2.7,23880000
ALM-10300,2026-08-22,Bostandyk,1,36.5,3,4,1968,brick,3.15,36250000
ALM-10584,2026-04-29,Auezov,1,43.1,1,5,1979,panel,2.53,26870000
ALM-10433,2026-04-29,Turksib,3,85.0,4,9,,panel,2.68,38980000
ALM-10569,2026-08-23,Zhetysu,1,42.6,8,12,,panel,0,25660000
ALM-10982,2026-04-06,Nauryzbay,3,82.1,5,5,1984,panel,2.68,36060000
ALM-10027,2026-01-27,Medeu,3,86.7,12,12,0,monolith,2.9,"100,420,000"
ALM-11054,2026-01-05,Auezov,4,98.6,4,4,1968,brick,0,63860000
ALM-10085,2026-04-22,ALATAU,2,51.8,10,20,2007,monolith,2.72,26300000
ALM-11182,2026-03-20,Auezov,1,34.3,2,3,2004,brick,2.77,20080000
ALM-11132,2026-06-29,Medeu,studio,31.5,7,25,2017,monolith,2.94,37430000
ALM-10728,2026-02-15,medeu,4,99.0,1,5,1975,brick,2.9,96240000
ALM-10722,2026-02-12,Nauryzbay,4,106.6,4,9,1988,panel,2.62,46670000
ALM-10508,2026-03-15,Almaly,2,58.8,3,3,1959,brick,2.74,54570000
ALM-10635,2026-06-14,Auezov,2,57.6,6,9,1974,panel,2.69,31200000
ALM-10462,2026-01-09,Bostandyk,2,68.3,15,16,2022,monolith,2.89,78790000
ALM-10416,2026-08-10,Bostandyk,4,87.2,1,9,1986,panel,2.51,"66,160,000"
ALM-10361,2026-01-29,Nauryzbayskiy,1,36.4,2,20,2008,monolith,2.81,21150000
ALM-11049,2026-06-26,Medeu,1,41.6,11,12,1966,panel,2.69,42120000
ALM-10056,2026-02-08,Bostandyk,4,107.2,9,9,2006,monolith,2.81,101060000
ALM-10140,2026-01-07,Turksib,3,59.2,9,9,1972,panel,2.55,25300000
ALM-10893,2026-06-12,Bostandyk,4,112.4,1,4,,brick,3.02,111780000
ALM-10887,2026-05-19,Bostandyk,1,41.5,13,16,2019,monolith,2.94,38310000
ALM-11103,2026-04-04,Medeu,1,43.1,9,12,1967,panel,2.57,40050000
ALM-10527,2026-03-17,NAURYZBAY,1,"35,1",6,9,2007,monolith,2.82,19490000
ALM-10403,2026-06-24,Bostandyk,5,157.6,9,16,2013,monolith,2.71,193000000
ALM-10805,2026-03-03,Zhetysu,4,90.3,3,12,1965,panel,2.6,57490000
ALM-10206,2026-07-17,Almaly,2,46.8 m²,1,12,1970,panel,2.62,36060000
ALM-11157,2026-06-02,ZHETYSU,1,50.2,1,25,2018,monolith,2.77,36930000
ALM-11155,2026-03-20,Auezov,3,71.8,7,16,2008,monolith,2.93,54240000
ALM-10345,2026-07-15,Alatau,4,110.1,6,20,2014,monolith,2.83,59740000
ALM-10340,2026-05-25,Alatau,2,60.1,3,5,1971,panel,2.65,24950000
ALM-10790,2026-05-03,Алмалинский,2,56.5,3,12,1986,panel,0,55280000
ALM-10429,2026-03-16,Almaly,2,58.9,3,9,1965,brick,2.89,54740000
ALM-10427,2026-08-08,Medeu,2,51.6,8,20,2009,monolith,2.82,59 050 000 ₸
ALM-10880,2026-08-13,Turksib,3,81.8 m²,3,4,1989,brick,3.16,46 690 000 ₸
ALM-10824,2026-01-16,Turksib,3,61.2,10,12,1985,panel,2.62,30490000
ALM-10194,2026-04-10,Medeu,2,52.3,5,5,1971,panel,2.66,43440000
ALM-10402,2026-05-12,Zhetysu,2,47.5,4,9,1983,panel,2.56,23940000
ALM-10794,2026-02-11,Turksib,4,79.6,3,3,2004,brick,2.78,40680000
ALM-10852,2026-08-27,Nauryzbay,3,81.0,3,3,1999,brick,3.18,43290000
ALM-10458,2026-05-20,auezov,2,60.8,2,9,1974,brick,2.91,45330000
ALM-10930,2026-01-30,Medeu,1,45.8,4,5,1971,panel,2.63,45000000
ALM-11119,2026-05-28,Medeu,3,79.6,3,9,1985,brick,2.88,85320000
ALM-10705,2026-07-11,Auezov,studio,32.4,7,12,2015,monolith,2.95,23030000
ALM-10404,2026-06-27,Alatau,2,45.2,6,16,2023,monolith,2.88,24540000
ALM-10583,2026-05-10,Nauryzbay,4,110.0,12,12,1968,panel,2.68,44 880 000 ₸
ALM-10492,2026-05-13,Almaly,1,33.6,2,9,1981,panel,2.5,24800000
ALM-11079,2026-02-03,Turksib,2,54.6,18,20,2017,monolith,2.89,32060000
ALM-10997,2026-05-30,Medeu,2,59.3,2,9,2009,monolith,2.84,69640000
ALM-10112,2026-05-22,Almaly,4,94.3,6,12,,panel,2.58,89000000
ALM-10800,2026-02-23,Alatau,2,54.9,3,9,1966,panel,2.67,22750000
ALM-10307,2026-05-13,Almaly,3,73.3,3,3,2000,brick,2.75,70310000
ALM-10206,2026-07-17,Almaly,2,46.8 m²,1,12,1970,panel,2.62,36060000
ALM-11174,2026-04-29,Auezov,1,37.2,2,3,1990,brick,2.79,25440000
ALM-10944,2026-02-02,Bostandyk,4,92.0,4,3,,brick,2.84,77390000
ALM-10657,2026-06-15,Auezov,4,111.7,14,25,2012,monolith,2.89,86610000
ALM-10059,2026-01-12,Bostandyk,2,59.4,3,5,1973,panel,2.68,56880000
ALM-10603,2026-07-25,Zhetysu,2,52.9,2,9,1981,panel,2.64,27080000
ALM-10185,2026-08-02,Bostandyk,2,50.1,3,9,2007,monolith,2.8,55130000
ALM-11159,2026-02-13,Nauryzbay,2,58.6,1,12,0,panel,2.67,23510000
ALM-10077,2026-01-24,Medeu,4,111.3,-1,5,1963,panel,2.51,95000000
ALM-10010,2026-06-11,Auezov,2,"58,2",20,20,2007,monolith,2.82,46290000
ALM-10155,2026-02-01, Turksib ,3,84.7 m²,1,5,1974,panel,2.53,33680000
ALM-10838,2026-07-28,Alatauskiy,3,85.8,5,9,1992,panel,2.62,37360000
ALM-10366,2026-01-20,Turksib,3,94.6,3,20,2024,monolith,2.91,"53,380,000"
ALM-10745,2026-05-09,Nauryzbay,2,38.6,3,5,1984,panel,2.53,15660000
ALM-10994,2026-01-20,ALMALY,4,95.0,5,5,,brick,2.81,82910000
ALM-10882,2026-06-19,Auezov,3,75.9,5,9,,panel,2.53,47390000
ALM-10568,2026-05-04,Nauryzbay,2,62.8,2,3,1984,brick,2.76,31770000
ALM-11122,2026-02-17,Zhetysu,2,647.0,4,12,1976,panel,2.59,40670000
ALM-10493,2026-08-20,Auezov,2,50.9,7,9,1986,panel,2.6,38800000
ALM-10064,2026-03-20,Auezov,1,35.4 m²,8,16,2008,monolith,2.98,25180000
ALM-11074,2026-05-17,Nauryzbay,1,38.5,13,16,2007,monolith,2.92,21600000
ALM-10476,2026-06-10,Medeu,4,85.2,6,9,1972,panel,0,73770000
ALM-10542,2026-06-17,Medeu,2,63.4,7,9,1992,panel,2.5,55260000
ALM-10059,2026-02-27,Bostandyk,2,59.4,3,5,1973,panel,2.68,54620000
ALM-11180,2026-03-22,Zhetysu,3,79.8,6,16,2012,monolith,2.84,58040000
ALM-10926,2026-02-15,Турксибский,3,73.1,3,5,1989,panel,2.64,36070000
ALM-11170,2026-05-04,Turksib,1,41.3,8,12,2015,monolith,2.76,23650000
ALM-10305,2026-06-19,Turksib,2,52.8,2,16,2020,monolith,2.77,29130000
ALM-10396,2026-03-19,Zhetysu,2,55.2,11,12,1969,panel,,31640000
ALM-10983,2026-05-18,Alatau,2,74.5,9,9,1992,panel,,32 990 000 ₸
ALM-10802,2026-01-07,Alatau,2,54.0,2,9,2014,monolith,2.87,31150000
ALM-11088,2026-03-18,Bostandyk,3,94.5,3,20,2008,monolith,2.99,98390000
ALM-10689,2026-04-10,Nauryzbay,2,56.8,3,9,1986,panel,2.55,23130000
ALM-11093,2026-02-19,Zhetysu,2,54.7,2,5,1991,panel,2.55,31550000
ALM-10053,2026-08-13,Zhetysu,2,68.3,4,9,1965,panel,2.63,37660000
ALM-10872,2026-03-03,Nauryzbay,2,62.1,2,5,1992,panel,,26140000
ALM-11001,2026-02-23,Auezov,4,75.6,6,12,2013,monolith,2.8,54660000
ALM-11195,2026-03-16,Zhetysu,3,75.2,9,9,1989,brick,2.75,41760000
ALM-10571,2026-02-12,Medeu,2,67.3,1,5,1979,panel,2.66,60190000
ALM-11124,2026-03-18,Nauryzbay,2,49.4,5,12,1964,panel,,19580000
ALM-10669,2026-02-13,Auezov,3,73.2,5,25,2012,monolith,2.81,56810000
ALM-10470,2026-08-31,Auezov,1,37.7,4,9,2013,monolith,2.79,29510000
ALM-11187,2026-02-16,Almaly,3,75.6,2,4,1964,brick,2.86,72060000
ALM-10709,2026-01-20,Medeu,1,43.4,4,5,1980,panel,2.68,37450000
ALM-10395,2026-03-31,Turksib,3,79.8,10,20,2006,monolith,2.9,56200000
ALM-10449,2026-07-26,Bostandyk,2,66.7,9,12,1976,panel,2.52,64280000
ALM-10061,2026-08-25,Almaly,5,125.4,15,25,2008,monolith,,146480000
ALM-11177,2026-07-01,Almaly,4,128.6,1,12,1988,panel,2.53,81170000
ALM-10918,2026-02-02,Medeu,3,84.4,2,9,1978,brick,2.9,84070000
ALM-11194,2026-02-23,Turksib,2,53.0,6,12,2007,monolith,0,35120000
ALM-11039,2026-03-21,Almaly,2,58.7,8,9,1970,panel,2.56,48520000
ALM-10186,2026-08-04,Turksib,1,38.0,1,5,1964,panel,2.51,16000000
ALM-10955,2026-05-12,Medeu,4,92.8,2,12,1971,panel,,105250000
ALM-10854,2026-04-19,Alatau,1,50.2,16,20,2022,monolith,2.93,26100000
ALM-10398,2026-03-09,Auezov,2,62.5,11,25,2015,monolith,2.8,44570000
ALM-10732,2026-05-07,Zhetysu,2,58.3,2,3,2005,brick,0,36950000
ALM-10830,2026-03-28,Nauryzbay,2,57.3,3,3,1976,brick,2.95,30840000
ALM-10678,2026-04-17,Nauryzbay,1,37.3,9,9,1981,brick,3.17,17520000
ALM-10959,2026-05-20,Turksib,1,43.9,-1,16,2021,monolith,2.95,"28,870,000"
ALM-10102,2026-04-17,Alatau,3,72.6,5,5,1974,panel,2.7,31240000
ALM-11028,2026-07-03,Alatau,4,148.1,1,4,2000,brick,3.15,72750000
ALM-10839,2026-04-09,Medeu,2,52.8,5,5,1984,panel,2.61,47730000
ALM-10100,2026-02-11,Medeu,1,36.4,2,4,,brick,2.74,37920000
ALM-10673,2026-06-02,Almaly,1,44.6,4,5,1988,brick,2.85,35750000
ALM-10834,2026-02-12,Turksib,2,47.7,2,20,2024,monolith,2.77,28430000
ALM-10408,2026-02-05,Almaly,4,102.1 m²,12,25,2011,monolith,2.71,91510000
ALM-10717,2026-04-22,Bostandyk,1,33.1,2,4,1971,brick,2.83,34390000
ALM-10636,2026-05-17,Nauryzbay,1,37.7,6,5,1966,panel,,17670000
ALM-10241,2026-08-13, Zhetysu ,2,60.2,2,5,1985,panel,2.65,37500000
ALM-10006,2026-08-27,Almaly,2,55.7,4,12,1970,panel,2.5,41560000
ALM-11104,2026-03-22,Nauryzbay,2,48.9,4,5,1987,panel,2.51,19560000
ALM-10399,2026-01-21,Наурызбайский,1,38.9,1,9,2011,monolith,2.81,19610000
ALM-10238,2026-02-11,Medeu,3,61.3,3,4,1997,brick,3.02,63840000
ALM-10160,2026-07-11,Alatau,5,153.1 m²,4,9,1964,brick,3.13,86 860 000 ₸
ALM-10249,2026-01-08,Bostandyk,2,50.3 m²,3,4,1992,brick,3.11,48590000
ALM-10616,2026-05-10,Zhetysu,1,41.8,2,9,1968,panel,2.59,23840000
ALM-10621,2026-03-07,Zhetysu,4,98.0,5,5,1990,brick,,51830000
ALM-10018,2026-05-29,Almaly,2,59.5,9,9,2008,monolith,2.84,54650000
ALM-11084,2026-02-26,nauryzbay,2,59.6,9,9,1969,panel,2.67,26560000
ALM-10915,2026-04-09,Alatau,4,100.6,7,9,1985,panel,2.51,45410000
ALM-10534,2026-02-09,Medeu,5,136.1,3,5,1972,panel,2.61,159220000
ALM-10052,2026-08-02,Turksib,2,65.0 m²,5,5,1963,panel,2.51,27090000
ALM-10068,2026-02-23,Auezov,2,48.8,4,9,1991,panel,2.57,32730000
ALM-10642,2026-02-25,Zhetysu,studio,31.9,4,5,1960,brick,2.89,21470000
ALM-10461,2026-08-23,Zhetysu,3,88.5,3,3,1974,brick,3.09,61710000
ALM-10501,2026-02-04,Medeu,2,51.3,4,5,1975,panel,,51420000
ALM-10432,2026-04-15,Auezov,1,36.5,2,5,1986,panel,2.56,19720000
ALM-10388,2026-03-25,Nauryzbay,3,75.8,4,4,1973,brick,3.05,32370000
ALM-10291,2026-05-30,Auezov,3,77.5,-1,20,2012,monolith,2.88,51890000
ALM-10207,2026-04-22,Alatauskiy,3,86.0,3,9,,panel,2.66,32910000
ALM-10025,2026-08-06,Bostandyk,1,42.6 m²,4,9,1976,panel,,38820000
ALM-10178,2026-07-10,Zhetysu,2,"69,2",4,5,1977,panel,2.61,38730000
ALM-10614,2026-06-01,Almaly,4,92.3,1,3,1969,brick,2.77,83720000
ALM-10950,2026-04-18,Medeu,2,"53,9",12,12,2019,monolith,2.82,62490000
ALM-11149,2026-07-22,Nauryzbay,2,63.5,22,25,2022,monolith,2.93,35900000
ALM-10314,2026-01-26,Zhetysu,1,35.7,5,5,1985,brick,,21000000
ALM-10884,2026-03-05,Medeu,3,88.3,1,5,1959,brick,2.84,106700000
ALM-10973,2026-05-22,Alatau,3,55.6,11,12,1987,panel,,22350000
ALM-10535,2026-05-14, Auezov ,3,88.6,2,3,1967,brick,2.72,64580000
ALM-10832,2026-06-18,Zhetysu,2,56.6,4,5,1986,brick,2.93,"35,980,000"
ALM-10385,2026-06-06,Medeu,2,57.8,10,16,2021,monolith,2.82,60870000
ALM-10450,2026-01-25,Alatau,1,39.9,3,5,1962,panel,2.53,16170000
ALM-10815,2026-08-26,Medeu,4,118.8,6,9,1973,panel,2.51,103030000
ALM-10671,2026-07-06, Almaly ,2,47.3 m²,2,9,2016,monolith,2.98,46120000
ALM-10551,2026-05-20,MEDEU,4,114.9 m²,5,5,1994,brick,2.92,"105,060,000"
ALM-10750,2026-07-13,Alatau,1,26.5,4,4,1972,brick,,11440000
ALM-11003,2026-08-03,BOSTANDYK,5,151.8,9,12,1975,panel,,129570000
ALM-11102,2026-08-05,Nauryzbay,4,126.6,11,12,1978,panel,2.53,49960000
